{"validation_metrics": {"accuracy": 0.3648351648351648, "precision": 0.36641368317161765, "recall": 0.3648351648351648, "f1_score": 0.357189262450916}, "test_metrics": {"accuracy": 0.36089781453041936, "precision": 0.43319545438214285, "recall": 0.36089781453041936, "f1_score": 0.37380213429612585}, "classification_report": {"0": {"precision": 0.0, "recall": 0.0, "f1-score": 0.0, "support": 20.0}, "1": {"precision": 0.5357142857142857, "recall": 0.7894736842105263, "f1-score": 0.6382978723404256, "support": 19.0}, "2": {"precision": 0.5634218289085545, "recall": 0.3380530973451327, "f1-score": 0.4225663716814159, "support": 565.0}, "3": {"precision": 0.3125, "recall": 0.11705685618729098, "f1-score": 0.170316301703163, "support": 299.0}, "4": {"precision": 0.19607843137254902, "recall": 0.2857142857142857, "f1-score": 0.23255813953488372, "support": 35.0}, "5": {"precision": 1.0, "recall": 1.0, "f1-score": 1.0, "support": 17.0}, "6": {"precision": 0.02127659574468085, "recall": 0.04, "f1-score": 0.027777777777777776, "support": 25.0}, "7": {"precision": 0.045454545454545456, "recall": 0.05714285714285714, "f1-score": 0.05063291139240506, "support": 35.0}, "8": {"precision": 0.030303030303030304, "recall": 0.03225806451612903, "f1-score": 0.03125, "support": 31.0}, "9": {"precision": 0.5172413793103449, "recall": 0.5357142857142857, "f1-score": 0.5263157894736842, "support": 28.0}, "10": {"precision": 0.22916666666666666, "recall": 0.3548387096774194, "f1-score": 0.27848101265822783, "support": 62.0}, "11": {"precision": 0.7195121951219512, "recall": 0.8194444444444444, "f1-score": 0.7662337662337663, "support": 72.0}, "12": {"precision": 0.09803921568627451, "recall": 0.16129032258064516, "f1-score": 0.12195121951219512, "support": 31.0}, "13": {"precision": 0.3617021276595745, "recall": 0.53125, "f1-score": 0.43037974683544306, "support": 32.0}, "14": {"precision": 0.3389830508474576, "recall": 1.0, "f1-score": 0.5063291139240507, "support": 20.0}, "15": {"precision": 0.35, "recall": 0.25925925925925924, "f1-score": 0.2978723404255319, "support": 27.0}, "16": {"precision": 0.05747126436781609, "recall": 0.21739130434782608, "f1-score": 0.09090909090909091, "support": 23.0}, "17": {"precision": 0.0, "recall": 0.0, "f1-score": 0.0, "support": 24.0}, "18": {"precision": 0.046511627906976744, "recall": 0.07407407407407407, "f1-score": 0.05714285714285714, "support": 27.0}, "19": {"precision": 0.03333333333333333, "recall": 0.09090909090909091, "f1-score": 0.04878048780487805, "support": 11.0}, "20": {"precision": 0.06976744186046512, "recall": 0.14285714285714285, "f1-score": 0.09375, "support": 21.0}, "21": {"precision": 0.025, "recall": 0.045454545454545456, "f1-score": 0.03225806451612903, "support": 22.0}, "22": {"precision": 0.1625, "recall": 0.33766233766233766, "f1-score": 0.21940928270042195, "support": 77.0}, "23": {"precision": 0.047619047619047616, "recall": 0.06666666666666667, "f1-score": 0.05555555555555555, "support": 15.0}, "24": {"precision": 1.0, "recall": 1.0, "f1-score": 1.0, "support": 155.0}, "accuracy": 0.36089781453041936, "macro avg": {"precision": 0.27046384271510215, "recall": 0.33186044115055835, "f1-score": 0.28395070808487616, "support": 1693.0}, "weighted avg": {"precision": 0.43319545438214285, "recall": 0.36089781453041936, "f1-score": 0.37380213429612585, "support": 1693.0}}, "confusion_matrix": [[0, 0, 12, 0, 0, 0, 0, 1, 0, 0, 0, 0, 1, 0, 0, 0, 0, 0, 0, 0, 0, 1, 5, 0, 0], [0, 15, 0, 0, 0, 0, 0, 0, 3, 0, 0, 0, 0, 0, 0, 0, 0, 0, 0, 0, 0, 0, 1, 0, 0], [16, 0, 191, 49, 16, 0, 18, 23, 13, 0, 38, 15, 11, 2, 4, 3, 41, 10, 5, 17, 20, 12, 51, 10, 0], [8, 3, 92, 35, 6, 0, 11, 6, 3, 1, 18, 4, 4, 1, 2, 5, 24, 5, 10, 7, 3, 12, 31, 8, 0], [0, 0, 2, 0, 10, 0, 2, 0, 0, 1, 3, 0, 3, 6, 6, 0, 0, 0, 0, 0, 0, 0, 2, 0, 0], [0, 0, 0, 0, 0, 17, 0, 0, 0, 0, 0, 0, 0, 0, 0, 0, 0, 0, 0, 0, 0, 0, 0, 0, 0], [1, 0, 3, 0, 1, 0, 1, 0, 1, 0, 3, 1, 1, 2, 2, 0, 2, 0, 0, 0, 2, 2, 3, 0, 0], [0, 0, 4, 1, 1, 0, 2, 2, 1, 0, 4, 0, 4, 1, 2, 1, 0, 0, 1, 0, 3, 2, 6, 0, 0], [0, 0, 0, 0, 0, 0, 0, 8, 1, 0, 0, 0, 0, 1, 0, 0, 2, 0, 11, 0, 8, 0, 0, 0, 0], [0, 0, 0, 0, 0, 0, 0, 0, 0, 15, 0, 0, 0, 0, 13, 0, 0, 0, 0, 0, 0, 0, 0, 0, 0], [0, 0, 9, 0, 6, 0, 0, 0, 0, 6, 22, 0, 4, 5, 1, 2, 0, 0, 0, 3, 1, 3, 0, 0, 0], [0, 0, 8, 0, 0, 0, 0, 0, 0, 0, 0, 59, 0, 0, 0, 0, 0, 0, 0, 0, 0, 0, 5, 0, 0], [3, 0, 2, 0, 2, 0, 0, 1, 0, 0, 1, 3, 5, 1, 0, 0, 0, 0, 1, 1, 0, 4, 7, 0, 0], [2, 0, 0, 0, 0, 0, 2, 0, 1, 0, 0, 0, 3, 17, 2, 0, 3, 0, 1, 0, 0, 0, 1, 0, 0], [0, 0, 0, 0, 0, 0, 0, 0, 0, 0, 0, 0, 0, 0, 20, 0, 0, 0, 0, 0, 0, 0, 0, 0, 0], [2, 1, 1, 2, 0, 0, 2, 2, 0, 0, 1, 0, 0, 0, 0, 7, 1, 2, 2, 0, 0, 1, 3, 0, 0], [1, 0, 8, 0, 0, 0, 1, 0, 0, 0, 2, 0, 1, 0, 0, 0, 5, 2, 0, 0, 0, 0, 2, 1, 0], [0, 0, 0, 22, 0, 0, 0, 0, 0, 0, 0, 0, 0, 0, 0, 0, 0, 0, 2, 0, 0, 0, 0, 0, 0], [3, 0, 2, 0, 3, 0, 0, 0, 0, 2, 0, 0, 4, 6, 1, 1, 1, 0, 2, 0, 0, 0, 2, 0, 0], [1, 3, 0, 1, 0, 0, 0, 0, 1, 0, 0, 0, 0, 0, 0, 0, 0, 0, 0, 1, 0, 0, 4, 0, 0], [0, 0, 1, 0, 1, 0, 0, 0, 2, 2, 0, 0, 3, 0, 0, 1, 1, 0, 1, 1, 3, 1, 4, 0, 0], [0, 0, 1, 0, 3, 0, 0, 0, 1, 0, 1, 0, 1, 1, 0, 0, 1, 0, 2, 0, 2, 1, 7, 1, 0], [1, 6, 2, 2, 1, 0, 3, 1, 3, 2, 1, 0, 5, 4, 5, 0, 6, 2, 5, 0, 1, 1, 26, 0, 0], [0, 0, 1, 0, 1, 0, 5, 0, 3, 0, 2, 0, 1, 0, 1, 0, 0, 0, 0, 0, 0, 0, 0, 1, 0], [0, 0, 0, 0, 0, 0, 0, 0, 0, 0, 0, 0, 0, 0, 0, 0, 0, 0, 0, 0, 0, 0, 0, 0, 155]]}