{"validation_metrics": {"accuracy": 0.34615384615384615, "precision": 0.33745026609424367, "recall": 0.34615384615384615, "f1_score": 0.3122643166385527}, "test_metrics": {"accuracy": 0.2805670407560543, "precision": 0.43486289803556016, "recall": 0.2805670407560543, "f1_score": 0.2454679576676813}, "classification_report": {"0": {"precision": 0.2982456140350877, "recall": 0.85, "f1-score": 0.44155844155844154, "support": 20.0}, "1": {"precision": 0.3902439024390244, "recall": 0.8421052631578947, "f1-score": 0.5333333333333333, "support": 19.0}, "2": {"precision": 0.6086956521739131, "recall": 0.049557522123893805, "f1-score": 0.09165302782324058, "support": 565.0}, "3": {"precision": 0.4090909090909091, "recall": 0.0903010033444816, "f1-score": 0.14794520547945206, "support": 299.0}, "4": {"precision": 0.07462686567164178, "recall": 0.14285714285714285, "f1-score": 0.09803921568627451, "support": 35.0}, "5": {"precision": 0.0, "recall": 0.0, "f1-score": 0.0, "support": 17.0}, "6": {"precision": 0.046511627906976744, "recall": 0.08, "f1-score": 0.058823529411764705, "support": 25.0}, "7": {"precision": 0.03125, "recall": 0.05714285714285714, "f1-score": 0.04040404040404041, "support": 35.0}, "8": {"precision": 0.4411764705882353, "recall": 0.967741935483871, "f1-score": 0.6060606060606061, "support": 31.0}, "9": {"precision": 0.49122807017543857, "recall": 1.0, "f1-score": 0.6588235294117647, "support": 28.0}, "10": {"precision": 0.28865979381443296, "recall": 0.45161290322580644, "f1-score": 0.3522012578616352, "support": 62.0}, "11": {"precision": 0.5795454545454546, "recall": 0.7083333333333334, "f1-score": 0.6375, "support": 72.0}, "12": {"precision": 0.061224489795918366, "recall": 0.0967741935483871, "f1-score": 0.075, "support": 31.0}, "13": {"precision": 0.21311475409836064, "recall": 0.40625, "f1-score": 0.27956989247311825, "support": 32.0}, "14": {"precision": 0.25675675675675674, "recall": 0.95, "f1-score": 0.40425531914893614, "support": 20.0}, "15": {"precision": 0.05813953488372093, "recall": 0.18518518518518517, "f1-score": 0.08849557522123894, "support": 27.0}, "16": {"precision": 0.0425531914893617, "recall": 0.17391304347826086, "f1-score": 0.06837606837606838, "support": 23.0}, "17": {"precision": 0.36363636363636365, "recall": 1.0, "f1-score": 0.5333333333333333, "support": 24.0}, "18": {"precision": 0.0, "recall": 0.0, "f1-score": 0.0, "support": 27.0}, "19": {"precision": 0.0, "recall": 0.0, "f1-score": 0.0, "support": 11.0}, "20": {"precision": 0.043478260869565216, "recall": 0.14285714285714285, "f1-score": 0.06666666666666667, "support": 21.0}, "21": {"precision": 0.0, "recall": 0.0, "f1-score": 0.0, "support": 22.0}, "22": {"precision": 0.17647058823529413, "recall": 0.15584415584415584, "f1-score": 0.16551724137931034, "support": 77.0}, "23": {"precision": 0.038461538461538464, "recall": 0.2, "f1-score": 0.06451612903225806, "support": 15.0}, "24": {"precision": 0.8031088082901554, "recall": 1.0, "f1-score": 0.8908045977011494, "support": 155.0}, "accuracy": 0.2805670407560543, "macro avg": {"precision": 0.22864874587832598, "recall": 0.3820190272632965, "f1-score": 0.2521150804145053, "support": 1693.0}, "weighted avg": {"precision": 0.43486289803556016, "recall": 0.2805670407560543, "f1-score": 0.2454679576676813, "support": 1693.0}}, "confusion_matrix": [[17, 0, 0, 0, 0, 0, 0, 0, 0, 0, 0, 0, 0, 0, 0, 0, 0, 3, 0, 0, 0, 0, 0, 0, 0], [0, 16, 0, 0, 0, 0, 0, 1, 0, 0, 0, 0, 0, 0, 0, 2, 0, 0, 0, 0, 0, 0, 0, 0, 0], [20, 12, 28, 29, 29, 7, 22, 21, 14, 7, 28, 16, 13, 17, 28, 41, 48, 17, 16, 20, 29, 29, 18, 44, 12], [6, 10, 2, 27, 13, 1, 5, 22, 14, 15, 20, 8, 9, 4, 13, 24, 16, 7, 14, 4, 24, 8, 22, 11, 0], [0, 1, 1, 1, 5, 1, 2, 3, 0, 0, 0, 0, 2, 1, 2, 0, 6, 1, 2, 0, 1, 5, 1, 0, 0], [0, 0, 0, 0, 0, 0, 0, 0, 0, 0, 0, 0, 0, 0, 0, 0, 0, 0, 0, 0, 0, 0, 0, 0, 17], [2, 1, 0, 0, 1, 0, 2, 0, 1, 0, 1, 1, 2, 2, 1, 0, 1, 0, 1, 1, 2, 1, 2, 2, 1], [0, 0, 3, 0, 1, 0, 1, 2, 0, 1, 4, 3, 3, 0, 1, 1, 3, 2, 1, 3, 2, 2, 2, 0, 0], [0, 1, 0, 0, 0, 0, 0, 0, 30, 0, 0, 0, 0, 0, 0, 0, 0, 0, 0, 0, 0, 0, 0, 0, 0], [0, 0, 0, 0, 0, 0, 0, 0, 0, 28, 0, 0, 0, 0, 0, 0, 0, 0, 0, 0, 0, 0, 0, 0, 0], [0, 0, 0, 1, 0, 0, 9, 0, 0, 0, 28, 0, 6, 5, 2, 0, 0, 0, 3, 0, 0, 2, 0, 6, 0], [0, 0, 7, 0, 3, 0, 0, 1, 2, 0, 0, 51, 1, 0, 0, 0, 4, 0, 0, 0, 0, 0, 3, 0, 0], [1, 0, 1, 0, 0, 0, 0, 1, 0, 1, 2, 0, 3, 7, 1, 2, 0, 2, 1, 0, 0, 1, 1, 0, 7], [0, 0, 0, 0, 4, 0, 0, 0, 0, 0, 0, 3, 2, 13, 0, 0, 0, 3, 2, 2, 0, 1, 0, 2, 0], [0, 0, 0, 1, 0, 0, 0, 0, 0, 0, 0, 0, 0, 0, 19, 0, 0, 0, 0, 0, 0, 0, 0, 0, 0], [1, 0, 0, 0, 2, 0, 0, 0, 0, 2, 1, 1, 3, 1, 2, 5, 0, 1, 3, 0, 3, 1, 0, 1, 0], [0, 0, 1, 1, 1, 0, 0, 3, 1, 0, 3, 0, 1, 0, 1, 0, 4, 1, 1, 1, 1, 0, 1, 2, 0], [0, 0, 0, 0, 0, 0, 0, 0, 0, 0, 0, 0, 0, 0, 0, 0, 0, 24, 0, 0, 0, 0, 0, 0, 0], [2, 0, 1, 3, 1, 0, 0, 1, 0, 0, 1, 0, 1, 3, 2, 1, 4, 0, 0, 0, 2, 0, 2, 3, 0], [0, 0, 0, 1, 2, 0, 0, 0, 0, 1, 1, 0, 0, 1, 0, 0, 0, 0, 1, 0, 0, 3, 0, 1, 0], [0, 0, 0, 0, 0, 0, 0, 1, 0, 0, 2, 1, 0, 0, 0, 2, 3, 0, 3, 1, 3, 1, 3, 1, 0], [0, 0, 0, 2, 2, 0, 0, 2, 2, 0, 1, 1, 1, 3, 1, 1, 3, 1, 1, 0, 0, 0, 1, 0, 0], [8, 0, 2, 0, 1, 0, 2, 5, 4, 2, 5, 2, 2, 4, 0, 3, 2, 4, 3, 4, 2, 7, 12, 2, 1], [0, 0, 0, 0, 2, 0, 0, 1, 0, 0, 0, 1, 0, 0, 1, 4, 0, 0, 2, 1, 0, 0, 0, 3, 0], [0, 0, 0, 0, 0, 0, 0, 0, 0, 0, 0, 0, 0, 0, 0, 0, 0, 0, 0, 0, 0, 0, 0, 0, 155]]}