{"validation_metrics": {"accuracy": 0.6626373626373626, "precision": 0.6878920805040899, "recall": 0.6626373626373626, "f1_score": 0.6339316461422001}, "test_metrics": {"accuracy": 0.7371529828706438, "precision": 0.7326190059283809, "recall": 0.7371529828706438, "f1_score": 0.7257118160137623}, "classification_report": {"0": {"precision": 1.0, "recall": 0.95, "f1-score": 0.9743589743589743, "support": 20.0}, "1": {"precision": 0.9047619047619048, "recall": 1.0, "f1-score": 0.95, "support": 19.0}, "2": {"precision": 0.7939508506616257, "recall": 0.7433628318584071, "f1-score": 0.7678244972577697, "support": 565.0}, "3": {"precision": 0.6727272727272727, "recall": 0.7424749163879598, "f1-score": 0.7058823529411765, "support": 299.0}, "4": {"precision": 0.4473684210526316, "recall": 0.4857142857142857, "f1-score": 0.4657534246575342, "support": 35.0}, "5": {"precision": 0.0, "recall": 0.0, "f1-score": 0.0, "support": 17.0}, "6": {"precision": 0.24, "recall": 0.24, "f1-score": 0.24, "support": 25.0}, "7": {"precision": 0.46153846153846156, "recall": 0.17142857142857143, "f1-score": 0.25, "support": 35.0}, "8": {"precision": 0.967741935483871, "recall": 0.967741935483871, "f1-score": 0.967741935483871, "support": 31.0}, "9": {"precision": 0.9655172413793104, "recall": 1.0, "f1-score": 0.9824561403508771, "support": 28.0}, "10": {"precision": 0.8428571428571429, "recall": 0.9516129032258065, "f1-score": 0.8939393939393939, "support": 62.0}, "11": {"precision": 0.9571428571428572, "recall": 0.9305555555555556, "f1-score": 0.9436619718309859, "support": 72.0}, "12": {"precision": 0.6, "recall": 0.3870967741935484, "f1-score": 0.47058823529411764, "support": 31.0}, "13": {"precision": 0.5227272727272727, "recall": 0.71875, "f1-score": 0.6052631578947368, "support": 32.0}, "14": {"precision": 0.28169014084507044, "recall": 1.0, "f1-score": 0.43956043956043955, "support": 20.0}, "15": {"precision": 0.8, "recall": 0.8888888888888888, "f1-score": 0.8421052631578947, "support": 27.0}, "16": {"precision": 0.0, "recall": 0.0, "f1-score": 0.0, "support": 23.0}, "17": {"precision": 0.96, "recall": 1.0, "f1-score": 0.9795918367346939, "support": 24.0}, "18": {"precision": 0.7692307692307693, "recall": 0.37037037037037035, "f1-score": 0.5, "support": 27.0}, "19": {"precision": 0.8571428571428571, "recall": 0.5454545454545454, "f1-score": 0.6666666666666666, "support": 11.0}, "20": {"precision": 0.5, "recall": 0.09523809523809523, "f1-score": 0.16, "support": 21.0}, "21": {"precision": 0.3181818181818182, "recall": 0.3181818181818182, "f1-score": 0.3181818181818182, "support": 22.0}, "22": {"precision": 0.7840909090909091, "recall": 0.8961038961038961, "f1-score": 0.8363636363636363, "support": 77.0}, "23": {"precision": 0.42857142857142855, "recall": 0.2, "f1-score": 0.2727272727272727, "support": 15.0}, "24": {"precision": 0.8857142857142857, "recall": 1.0, "f1-score": 0.9393939393939394, "support": 155.0}, "accuracy": 0.7371529828706438, "macro avg": {"precision": 0.6384382227643797, "recall": 0.6241190155234247, "f1-score": 0.606882438271832, "support": 1693.0}, "weighted avg": {"precision": 0.7326190059283809, "recall": 0.7371529828706438, "f1-score": 0.7257118160137623, "support": 1693.0}}, "confusion_matrix": [[19, 0, 0, 0, 0, 0, 0, 0, 0, 0, 0, 0, 0, 0, 0, 0, 0, 0, 0, 0, 0, 0, 1, 0, 0], [0, 19, 0, 0, 0, 0, 0, 0, 0, 0, 0, 0, 0, 0, 0, 0, 0, 0, 0, 0, 0, 0, 0, 0, 0], [0, 1, 420, 99, 11, 2, 9, 2, 0, 0, 0, 1, 0, 5, 5, 0, 4, 0, 0, 0, 1, 0, 3, 2, 0], [0, 0, 69, 222, 3, 0, 0, 0, 0, 0, 0, 0, 0, 0, 1, 0, 3, 0, 0, 0, 0, 0, 1, 0, 0], [0, 0, 3, 0, 17, 0, 0, 0, 0, 0, 0, 0, 0, 0, 15, 0, 0, 0, 0, 0, 0, 0, 0, 0, 0], [0, 0, 0, 0, 0, 0, 0, 0, 0, 0, 0, 0, 0, 0, 0, 0, 0, 0, 0, 0, 0, 0, 0, 0, 17], [0, 0, 3, 0, 3, 0, 6, 1, 0, 0, 0, 0, 4, 0, 6, 0, 0, 0, 0, 0, 0, 2, 0, 0, 0], [0, 1, 3, 3, 0, 0, 4, 6, 0, 0, 4, 1, 0, 1, 4, 1, 1, 0, 0, 0, 1, 2, 2, 1, 0], [0, 0, 0, 0, 0, 0, 0, 0, 30, 0, 0, 0, 0, 0, 0, 0, 0, 0, 0, 0, 0, 0, 1, 0, 0], [0, 0, 0, 0, 0, 0, 0, 0, 0, 28, 0, 0, 0, 0, 0, 0, 0, 0, 0, 0, 0, 0, 0, 0, 0], [0, 0, 0, 0, 0, 0, 0, 0, 0, 0, 59, 0, 0, 0, 0, 0, 0, 0, 0, 0, 0, 0, 0, 0, 3], [0, 0, 0, 0, 0, 0, 0, 0, 0, 0, 0, 67, 0, 5, 0, 0, 0, 0, 0, 0, 0, 0, 0, 0, 0], [0, 0, 2, 0, 2, 0, 0, 0, 0, 0, 4, 0, 12, 6, 2, 0, 0, 0, 3, 0, 0, 0, 0, 0, 0], [0, 0, 0, 0, 0, 0, 0, 4, 0, 0, 1, 0, 0, 23, 1, 0, 0, 0, 0, 0, 0, 1, 2, 0, 0], [0, 0, 0, 0, 0, 0, 0, 0, 0, 0, 0, 0, 0, 0, 20, 0, 0, 0, 0, 0, 0, 0, 0, 0, 0], [0, 0, 0, 1, 0, 0, 1, 0, 0, 0, 0, 0, 0, 0, 1, 24, 0, 0, 0, 0, 0, 0, 0, 0, 0], [0, 0, 19, 2, 0, 0, 0, 0, 0, 0, 0, 0, 0, 0, 1, 0, 0, 0, 0, 0, 0, 0, 1, 0, 0], [0, 0, 0, 0, 0, 0, 0, 0, 0, 0, 0, 0, 0, 0, 0, 0, 0, 24, 0, 0, 0, 0, 0, 0, 0], [0, 0, 0, 0, 0, 0, 1, 0, 0, 0, 2, 0, 4, 3, 5, 1, 0, 0, 10, 0, 0, 0, 1, 0, 0], [0, 0, 0, 0, 0, 0, 0, 0, 0, 0, 0, 0, 0, 0, 0, 0, 0, 0, 0, 6, 0, 0, 5, 0, 0], [0, 0, 2, 1, 1, 0, 1, 0, 1, 0, 0, 0, 0, 0, 1, 1, 1, 0, 0, 0, 2, 10, 0, 0, 0], [0, 0, 5, 2, 0, 0, 1, 0, 0, 1, 0, 0, 0, 0, 0, 3, 1, 0, 0, 0, 0, 7, 2, 0, 0], [0, 0, 0, 0, 1, 0, 2, 0, 0, 0, 0, 1, 0, 1, 0, 0, 0, 1, 0, 1, 0, 0, 69, 1, 0], [0, 0, 3, 0, 0, 0, 0, 0, 0, 0, 0, 0, 0, 0, 9, 0, 0, 0, 0, 0, 0, 0, 0, 3, 0], [0, 0, 0, 0, 0, 0, 0, 0, 0, 0, 0, 0, 0, 0, 0, 0, 0, 0, 0, 0, 0, 0, 0, 0, 155]]}