{"validation_metrics": {"accuracy": 0.4155710234596546, "precision": 0.4433552910682353, "recall": 0.4155710234596546, "f1_score": 0.41000190337119374}, "test_metrics": {"accuracy": 0.42206477732793524, "precision": 0.4409719299502547, "recall": 0.42206477732793524, "f1_score": 0.41342723145903326}, "classification_report": {"0": {"precision": 0.7065217391304348, "recall": 0.9285714285714286, "f1-score": 0.8024691358024691, "support": 70.0}, "1": {"precision": 0.12790697674418605, "recall": 0.15714285714285714, "f1-score": 0.14102564102564102, "support": 70.0}, "2": {"precision": 0.31343283582089554, "recall": 0.3, "f1-score": 0.30656934306569344, "support": 70.0}, "3": {"precision": 0.27586206896551724, "recall": 0.45714285714285713, "f1-score": 0.34408602150537637, "support": 35.0}, "4": {"precision": 0.6190476190476191, "recall": 0.5571428571428572, "f1-score": 0.5864661654135338, "support": 70.0}, "5": {"precision": 0.36923076923076925, "recall": 0.34285714285714286, "f1-score": 0.35555555555555557, "support": 70.0}, "6": {"precision": 0.41379310344827586, "recall": 0.34285714285714286, "f1-score": 0.375, "support": 70.0}, "7": {"precision": 0.2786885245901639, "recall": 0.24285714285714285, "f1-score": 0.2595419847328244, "support": 70.0}, "8": {"precision": 0.043478260869565216, "recall": 0.02857142857142857, "f1-score": 0.034482758620689655, "support": 35.0}, "9": {"precision": 0.7567567567567568, "recall": 0.9032258064516129, "f1-score": 0.8235294117647058, "support": 31.0}, "10": {"precision": 0.45454545454545453, "recall": 0.35714285714285715, "f1-score": 0.4, "support": 70.0}, "11": {"precision": 0.5411764705882353, "recall": 0.6571428571428571, "f1-score": 0.5935483870967742, "support": 70.0}, "12": {"precision": 0.10638297872340426, "recall": 0.07142857142857142, "f1-score": 0.08547008547008547, "support": 70.0}, "13": {"precision": 0.275, "recall": 0.3548387096774194, "f1-score": 0.30985915492957744, "support": 62.0}, "14": {"precision": 0.68, "recall": 0.7285714285714285, "f1-score": 0.7034482758620689, "support": 70.0}, "15": {"precision": 0.5822784810126582, "recall": 0.6571428571428571, "f1-score": 0.6174496644295302, "support": 70.0}, "16": {"precision": 1.0, "recall": 0.14285714285714285, "f1-score": 0.25, "support": 70.0}, "17": {"precision": 0.175, "recall": 0.2, "f1-score": 0.18666666666666668, "support": 70.0}, "18": {"precision": 0.5875, "recall": 0.6714285714285714, "f1-score": 0.6266666666666667, "support": 70.0}, "19": {"precision": 0.1891891891891892, "recall": 0.22580645161290322, "f1-score": 0.20588235294117646, "support": 31.0}, "20": {"precision": 0.2909090909090909, "recall": 0.5, "f1-score": 0.367816091954023, "support": 32.0}, "21": {"precision": 0.17094017094017094, "recall": 0.2857142857142857, "f1-score": 0.21390374331550802, "support": 70.0}, "22": {"precision": 0.5625, "recall": 0.2571428571428571, "f1-score": 0.35294117647058826, "support": 70.0}, "23": {"precision": 0.14084507042253522, "recall": 0.14285714285714285, "f1-score": 0.14184397163120568, "support": 70.0}, "24": {"precision": 0.5263157894736842, "recall": 0.42857142857142855, "f1-score": 0.47244094488188976, "support": 70.0}, "25": {"precision": 0.12941176470588237, "recall": 0.15714285714285714, "f1-score": 0.14193548387096774, "support": 70.0}, "26": {"precision": 0.855072463768116, "recall": 0.8428571428571429, "f1-score": 0.8489208633093526, "support": 70.0}, "27": {"precision": 0.25806451612903225, "recall": 0.11428571428571428, "f1-score": 0.15841584158415842, "support": 70.0}, "28": {"precision": 0.9859154929577465, "recall": 1.0, "f1-score": 0.9929078014184397, "support": 70.0}, "29": {"precision": 0.14925373134328357, "recall": 0.14285714285714285, "f1-score": 0.145985401459854, "support": 70.0}, "30": {"precision": 0.7590361445783133, "recall": 0.9, "f1-score": 0.8235294117647058, "support": 70.0}, "accuracy": 0.42206477732793524, "macro avg": {"precision": 0.42980824077067675, "recall": 0.4225211832912145, "f1-score": 0.40865670978095897, "support": 1976.0}, "weighted avg": {"precision": 0.4409719299502547, "recall": 0.42206477732793524, "f1-score": 0.41342723145903326, "support": 1976.0}}, "confusion_matrix": [[65, 0, 0, 0, 0, 0, 3, 0, 0, 0, 0, 0, 0, 0, 0, 0, 0, 0, 0, 0, 0, 0, 0, 1, 0, 1, 0, 0, 0, 0, 0], [0, 11, 1, 0, 1, 2, 4, 4, 1, 1, 4, 2, 1, 3, 5, 2, 0, 0, 3, 1, 1, 3, 2, 3, 1, 5, 0, 2, 0, 4, 3], [1, 2, 21, 1, 1, 1, 2, 2, 0, 0, 0, 0, 2, 0, 0, 0, 0, 7, 2, 1, 2, 2, 0, 2, 0, 15, 1, 0, 0, 5, 0], [0, 0, 2, 16, 1, 0, 0, 0, 1, 0, 0, 0, 0, 3, 0, 3, 0, 1, 0, 4, 1, 0, 0, 0, 0, 1, 0, 1, 0, 1, 0], [0, 18, 0, 1, 39, 0, 0, 2, 1, 0, 0, 1, 0, 0, 0, 0, 0, 0, 1, 0, 1, 1, 0, 3, 0, 1, 0, 0, 0, 1, 0], [0, 3, 2, 0, 0, 24, 3, 3, 0, 0, 8, 0, 5, 0, 1, 2, 0, 6, 1, 1, 1, 0, 0, 0, 1, 2, 2, 0, 1, 3, 1], [1, 5, 3, 1, 15, 0, 24, 1, 0, 1, 1, 0, 2, 0, 0, 0, 0, 3, 1, 0, 2, 1, 0, 2, 1, 3, 0, 0, 0, 0, 3], [1, 3, 1, 0, 0, 9, 1, 17, 1, 0, 2, 1, 3, 1, 2, 1, 0, 2, 0, 2, 1, 6, 2, 4, 3, 3, 0, 1, 0, 2, 1], [0, 1, 3, 1, 0, 2, 2, 2, 1, 2, 2, 1, 1, 3, 0, 0, 0, 2, 1, 2, 2, 0, 0, 1, 0, 1, 1, 2, 0, 1, 1], [0, 0, 1, 0, 0, 0, 0, 0, 0, 28, 0, 0, 0, 0, 0, 0, 0, 0, 0, 0, 0, 2, 0, 0, 0, 0, 0, 0, 0, 0, 0], [0, 1, 4, 0, 0, 0, 0, 1, 3, 0, 25, 12, 1, 0, 0, 0, 0, 7, 3, 0, 2, 3, 1, 2, 0, 0, 2, 1, 0, 1, 1], [0, 1, 0, 1, 0, 0, 0, 0, 0, 0, 0, 46, 5, 0, 2, 0, 0, 1, 0, 6, 0, 2, 0, 0, 2, 1, 0, 2, 0, 1, 0], [0, 8, 3, 1, 0, 1, 3, 1, 3, 1, 3, 1, 5, 9, 0, 2, 0, 0, 7, 0, 0, 2, 0, 4, 2, 3, 2, 1, 0, 7, 1], [0, 5, 0, 17, 0, 0, 0, 0, 0, 0, 0, 0, 0, 22, 2, 12, 0, 0, 0, 0, 0, 0, 0, 0, 0, 0, 0, 0, 0, 0, 4], [0, 0, 4, 0, 0, 0, 0, 3, 0, 0, 0, 10, 0, 0, 51, 1, 0, 0, 0, 0, 0, 1, 0, 0, 0, 0, 0, 0, 0, 0, 0], [2, 0, 0, 0, 0, 2, 0, 0, 0, 0, 0, 0, 0, 12, 0, 46, 0, 0, 0, 0, 2, 0, 1, 1, 0, 0, 0, 1, 0, 3, 0], [0, 0, 0, 0, 0, 0, 0, 0, 0, 0, 0, 0, 0, 0, 0, 0, 10, 0, 0, 0, 0, 60, 0, 0, 0, 0, 0, 0, 0, 0, 0], [1, 0, 1, 7, 0, 3, 4, 0, 0, 0, 2, 2, 6, 2, 0, 7, 0, 14, 0, 0, 0, 2, 0, 2, 1, 4, 0, 1, 0, 10, 1], [0, 0, 0, 2, 1, 0, 3, 6, 0, 0, 0, 0, 1, 0, 0, 0, 0, 0, 47, 0, 0, 0, 0, 0, 0, 0, 0, 0, 0, 10, 0], [3, 0, 2, 1, 1, 0, 0, 1, 0, 0, 0, 2, 0, 5, 3, 0, 0, 0, 1, 7, 0, 0, 0, 2, 1, 1, 0, 0, 0, 1, 0], [1, 0, 1, 0, 0, 0, 3, 0, 0, 0, 0, 0, 0, 0, 0, 2, 0, 0, 0, 6, 16, 0, 0, 3, 0, 0, 0, 0, 0, 0, 0], [0, 5, 1, 2, 1, 2, 0, 4, 3, 0, 1, 3, 3, 2, 1, 0, 0, 3, 0, 3, 1, 20, 0, 4, 1, 1, 0, 5, 0, 4, 0], [0, 10, 8, 0, 0, 0, 3, 2, 0, 0, 1, 0, 5, 0, 0, 0, 0, 0, 4, 0, 0, 4, 18, 13, 0, 0, 0, 2, 0, 0, 0], [1, 1, 5, 1, 1, 3, 2, 5, 2, 0, 2, 2, 3, 5, 0, 1, 0, 2, 4, 2, 0, 3, 7, 10, 1, 4, 0, 1, 0, 1, 1], [0, 0, 0, 0, 0, 1, 0, 0, 0, 0, 0, 0, 0, 0, 0, 0, 0, 16, 0, 0, 22, 0, 0, 0, 30, 1, 0, 0, 0, 0, 0], [3, 7, 1, 0, 1, 1, 0, 4, 2, 1, 3, 2, 3, 2, 1, 0, 0, 4, 4, 1, 1, 4, 1, 4, 1, 11, 1, 2, 0, 2, 3], [0, 0, 0, 0, 0, 0, 0, 0, 0, 0, 0, 0, 0, 0, 0, 0, 0, 1, 0, 0, 0, 0, 0, 10, 0, 0, 59, 0, 0, 0, 0], [10, 1, 0, 3, 1, 13, 0, 0, 4, 0, 0, 0, 0, 10, 7, 0, 0, 9, 0, 1, 0, 0, 0, 0, 3, 0, 0, 8, 0, 0, 0], [0, 0, 0, 0, 0, 0, 0, 0, 0, 0, 0, 0, 0, 0, 0, 0, 0, 0, 0, 0, 0, 0, 0, 0, 0, 0, 0, 0, 70, 0, 0], [3, 4, 3, 3, 0, 1, 1, 0, 1, 1, 1, 0, 1, 1, 0, 0, 0, 0, 1, 0, 0, 1, 0, 0, 9, 27, 1, 1, 0, 10, 0], [0, 0, 0, 0, 0, 0, 0, 3, 0, 2, 0, 0, 0, 0, 0, 0, 0, 2, 0, 0, 0, 0, 0, 0, 0, 0, 0, 0, 0, 0, 63]]}