{"validation_metrics": {"accuracy": 0.12606341840680588, "precision": 0.1267346538744801, "recall": 0.12606341840680588, "f1_score": 0.08738663145782373}, "test_metrics": {"accuracy": 0.11690283400809717, "precision": 0.28393895583916023, "recall": 0.11690283400809717, "f1_score": 0.07874602273848082}, "classification_report": {"0": {"precision": 1.0, "recall": 0.0, "f1-score": 0.0, "support": 70.0}, "1": {"precision": 1.0, "recall": 0.0, "f1-score": 0.0, "support": 70.0}, "2": {"precision": 0.0, "recall": 0.0, "f1-score": 0.0, "support": 70.0}, "3": {"precision": 0.0, "recall": 0.0, "f1-score": 0.0, "support": 35.0}, "4": {"precision": 0.0, "recall": 0.0, "f1-score": 0.0, "support": 70.0}, "5": {"precision": 0.017241379310344827, "recall": 0.014285714285714285, "f1-score": 0.015625, "support": 70.0}, "6": {"precision": 0.01652892561983471, "recall": 0.05714285714285714, "f1-score": 0.02564102564102564, "support": 70.0}, "7": {"precision": 1.0, "recall": 0.0, "f1-score": 0.0, "support": 70.0}, "8": {"precision": 0.0, "recall": 0.0, "f1-score": 0.0, "support": 35.0}, "9": {"precision": 0.0, "recall": 0.0, "f1-score": 0.0, "support": 31.0}, "10": {"precision": 0.0, "recall": 0.0, "f1-score": 0.0, "support": 70.0}, "11": {"precision": 1.0, "recall": 0.0, "f1-score": 0.0, "support": 70.0}, "12": {"precision": 0.0, "recall": 0.0, "f1-score": 0.0, "support": 70.0}, "13": {"precision": 0.0, "recall": 0.0, "f1-score": 0.0, "support": 62.0}, "14": {"precision": 0.10317460317460317, "recall": 0.18571428571428572, "f1-score": 0.1326530612244898, "support": 70.0}, "15": {"precision": 0.007874015748031496, "recall": 0.014285714285714285, "f1-score": 0.01015228426395939, "support": 70.0}, "16": {"precision": 0.09575923392612859, "recall": 1.0, "f1-score": 0.17478152309612985, "support": 70.0}, "17": {"precision": 0.0, "recall": 0.0, "f1-score": 0.0, "support": 70.0}, "18": {"precision": 0.0, "recall": 0.0, "f1-score": 0.0, "support": 70.0}, "19": {"precision": 0.04838709677419355, "recall": 0.0967741935483871, "f1-score": 0.06451612903225806, "support": 31.0}, "20": {"precision": 0.0, "recall": 0.0, "f1-score": 0.0, "support": 32.0}, "21": {"precision": 1.0, "recall": 0.0, "f1-score": 0.0, "support": 70.0}, "22": {"precision": 0.0, "recall": 0.0, "f1-score": 0.0, "support": 70.0}, "23": {"precision": 0.0, "recall": 0.0, "f1-score": 0.0, "support": 70.0}, "24": {"precision": 0.06504065040650407, "recall": 0.11428571428571428, "f1-score": 0.08290155440414508, "support": 70.0}, "25": {"precision": 0.04794520547945205, "recall": 0.1, "f1-score": 0.06481481481481481, "support": 70.0}, "26": {"precision": 0.0, "recall": 0.0, "f1-score": 0.0, "support": 70.0}, "27": {"precision": 0.0, "recall": 0.0, "f1-score": 0.0, "support": 70.0}, "28": {"precision": 0.7692307692307693, "recall": 1.0, "f1-score": 0.8695652173913043, "support": 70.0}, "29": {"precision": 1.0, "recall": 0.0, "f1-score": 0.0, "support": 70.0}, "30": {"precision": 0.8709677419354839, "recall": 0.7714285714285715, "f1-score": 0.8181818181818182, "support": 70.0}, "accuracy": 0.11690283400809717, "macro avg": {"precision": 0.25942418134210793, "recall": 0.10819087260294336, "f1-score": 0.07286556219515952, "support": 1976.0}, "weighted avg": {"precision": 0.28393895583916023, "recall": 0.11690283400809717, "f1-score": 0.07874602273848082, "support": 1976.0}}, "confusion_matrix": [[0, 0, 2, 0, 0, 4, 0, 0, 0, 0, 0, 0, 0, 0, 0, 10, 36, 0, 0, 1, 12, 0, 0, 0, 0, 5, 0, 0, 0, 0, 0], [0, 0, 1, 0, 1, 2, 4, 0, 0, 5, 0, 0, 0, 0, 3, 5, 32, 0, 0, 2, 2, 0, 0, 0, 4, 8, 0, 0, 1, 0, 0], [0, 0, 0, 0, 1, 3, 0, 0, 0, 2, 0, 0, 1, 0, 2, 13, 30, 0, 1, 0, 3, 0, 0, 0, 3, 8, 1, 2, 0, 0, 0], [0, 0, 0, 0, 2, 4, 12, 0, 0, 0, 0, 0, 0, 0, 1, 2, 8, 0, 0, 2, 1, 0, 0, 0, 2, 0, 0, 1, 0, 0, 0], [0, 0, 0, 0, 0, 1, 0, 0, 0, 0, 1, 0, 0, 0, 24, 37, 2, 0, 0, 0, 3, 0, 0, 0, 1, 0, 0, 0, 1, 0, 0], [0, 0, 0, 0, 0, 1, 6, 0, 0, 1, 2, 0, 0, 1, 3, 5, 39, 0, 0, 4, 2, 0, 0, 1, 0, 1, 1, 0, 1, 0, 2], [0, 0, 0, 0, 1, 0, 4, 0, 0, 4, 0, 0, 0, 0, 1, 1, 43, 0, 0, 0, 0, 0, 0, 1, 6, 7, 0, 2, 0, 0, 0], [0, 0, 0, 1, 2, 1, 20, 0, 0, 3, 0, 0, 0, 0, 2, 7, 20, 1, 0, 6, 0, 0, 0, 0, 2, 2, 2, 1, 0, 0, 0], [0, 0, 0, 0, 1, 2, 5, 0, 0, 1, 0, 0, 0, 0, 2, 1, 15, 1, 0, 1, 1, 0, 0, 0, 5, 0, 0, 0, 0, 0, 0], [0, 0, 0, 0, 0, 0, 2, 0, 0, 0, 0, 0, 0, 0, 0, 0, 13, 0, 0, 1, 0, 0, 0, 0, 0, 9, 0, 0, 6, 0, 0], [0, 0, 0, 0, 1, 4, 0, 0, 0, 9, 0, 0, 0, 0, 17, 8, 17, 3, 0, 0, 2, 0, 0, 0, 2, 7, 0, 0, 0, 0, 0], [0, 0, 0, 1, 0, 19, 0, 0, 0, 0, 0, 0, 0, 0, 4, 5, 26, 0, 0, 0, 1, 0, 0, 0, 14, 0, 0, 0, 0, 0, 0], [0, 0, 0, 0, 0, 2, 11, 0, 0, 3, 1, 0, 0, 0, 0, 3, 27, 2, 0, 2, 1, 0, 0, 0, 2, 15, 0, 0, 1, 0, 0], [0, 0, 0, 0, 0, 0, 14, 0, 0, 0, 0, 0, 0, 0, 0, 0, 20, 0, 0, 9, 11, 0, 0, 0, 7, 1, 0, 0, 0, 0, 0], [0, 0, 0, 0, 0, 1, 0, 0, 0, 0, 0, 0, 0, 0, 13, 1, 29, 0, 0, 0, 0, 0, 0, 0, 23, 2, 0, 1, 0, 0, 0], [0, 0, 0, 0, 0, 3, 0, 0, 0, 0, 1, 0, 3, 0, 0, 1, 51, 1, 1, 1, 1, 0, 0, 0, 4, 0, 1, 2, 0, 0, 0], [0, 0, 0, 0, 0, 0, 0, 0, 0, 0, 0, 0, 0, 0, 0, 0, 70, 0, 0, 0, 0, 0, 0, 0, 0, 0, 0, 0, 0, 0, 0], [0, 0, 0, 2, 0, 1, 21, 0, 1, 0, 1, 0, 0, 0, 9, 3, 20, 0, 0, 3, 1, 0, 0, 0, 3, 4, 0, 0, 1, 0, 0], [0, 0, 0, 0, 0, 0, 0, 0, 0, 5, 0, 0, 0, 0, 16, 4, 22, 0, 0, 0, 0, 0, 0, 0, 2, 20, 0, 0, 1, 0, 0], [0, 0, 0, 0, 0, 1, 11, 0, 0, 0, 1, 0, 0, 0, 0, 1, 7, 0, 0, 3, 2, 0, 0, 0, 5, 0, 0, 0, 0, 0, 0], [0, 0, 0, 0, 0, 0, 20, 0, 0, 0, 0, 0, 0, 0, 1, 0, 4, 0, 0, 1, 0, 0, 0, 0, 1, 0, 0, 0, 0, 0, 5], [0, 0, 0, 2, 1, 3, 24, 0, 0, 0, 0, 0, 0, 0, 1, 0, 13, 4, 2, 2, 0, 0, 0, 0, 11, 3, 0, 2, 2, 0, 0], [0, 0, 14, 0, 0, 0, 1, 0, 0, 0, 0, 0, 0, 0, 2, 3, 41, 0, 0, 3, 0, 0, 0, 0, 4, 2, 0, 0, 0, 0, 0], [0, 0, 0, 3, 0, 3, 11, 0, 1, 2, 1, 0, 1, 0, 4, 4, 22, 3, 0, 0, 2, 0, 1, 0, 3, 6, 2, 0, 0, 0, 1], [0, 0, 0, 1, 0, 0, 18, 0, 0, 1, 0, 0, 0, 0, 12, 2, 2, 25, 0, 0, 0, 0, 0, 0, 8, 1, 0, 0, 0, 0, 0], [0, 0, 0, 1, 0, 2, 10, 0, 0, 0, 0, 0, 0, 0, 1, 4, 28, 2, 0, 2, 3, 0, 0, 0, 1, 7, 1, 1, 7, 0, 0], [0, 0, 0, 0, 0, 0, 37, 0, 0, 0, 0, 0, 0, 0, 0, 0, 23, 0, 0, 0, 0, 0, 0, 0, 10, 0, 0, 0, 0, 0, 0], [0, 0, 0, 0, 0, 0, 1, 0, 0, 1, 0, 0, 0, 0, 8, 1, 57, 0, 0, 0, 0, 0, 0, 0, 0, 2, 0, 0, 0, 0, 0], [0, 0, 0, 0, 0, 0, 0, 0, 0, 0, 0, 0, 0, 0, 0, 0, 0, 0, 0, 0, 0, 0, 0, 0, 0, 0, 0, 0, 70, 0, 0], [0, 0, 0, 0, 0, 1, 10, 0, 0, 0, 0, 0, 0, 0, 0, 6, 14, 0, 0, 3, 0, 0, 0, 0, 0, 36, 0, 0, 0, 0, 0], [0, 0, 0, 0, 0, 0, 0, 0, 0, 0, 0, 0, 0, 0, 0, 0, 0, 0, 0, 16, 0, 0, 0, 0, 0, 0, 0, 0, 0, 0, 54]]}