{"validation_metrics": {"accuracy": 0.5540087651456561, "precision": 0.5771185572971953, "recall": 0.5540087651456561, "f1_score": 0.5470953226165077}, "test_metrics": {"accuracy": 0.5232793522267206, "precision": 0.5270274420024977, "recall": 0.5232793522267206, "f1_score": 0.5078129229721132}, "classification_report": {"0": {"precision": 0.4666666666666667, "recall": 0.5, "f1-score": 0.4827586206896552, "support": 70.0}, "1": {"precision": 0.16279069767441862, "recall": 0.1, "f1-score": 0.12389380530973451, "support": 70.0}, "2": {"precision": 0.5614035087719298, "recall": 0.45714285714285713, "f1-score": 0.5039370078740157, "support": 70.0}, "3": {"precision": 0.21176470588235294, "recall": 0.5142857142857142, "f1-score": 0.3, "support": 35.0}, "4": {"precision": 0.7532467532467533, "recall": 0.8285714285714286, "f1-score": 0.7891156462585034, "support": 70.0}, "5": {"precision": 0.37362637362637363, "recall": 0.4857142857142857, "f1-score": 0.422360248447205, "support": 70.0}, "6": {"precision": 0.3028169014084507, "recall": 0.6142857142857143, "f1-score": 0.4056603773584906, "support": 70.0}, "7": {"precision": 0.4473684210526316, "recall": 0.24285714285714285, "f1-score": 0.3148148148148148, "support": 70.0}, "8": {"precision": 0.0, "recall": 0.0, "f1-score": 0.0, "support": 35.0}, "9": {"precision": 0.6976744186046512, "recall": 0.967741935483871, "f1-score": 0.8108108108108109, "support": 31.0}, "10": {"precision": 0.4868421052631579, "recall": 0.5285714285714286, "f1-score": 0.5068493150684932, "support": 70.0}, "11": {"precision": 0.7380952380952381, "recall": 0.44285714285714284, "f1-score": 0.5535714285714286, "support": 70.0}, "12": {"precision": 0.19047619047619047, "recall": 0.11428571428571428, "f1-score": 0.14285714285714285, "support": 70.0}, "13": {"precision": 0.7777777777777778, "recall": 0.3387096774193548, "f1-score": 0.47191011235955055, "support": 62.0}, "14": {"precision": 0.6106194690265486, "recall": 0.9857142857142858, "f1-score": 0.7540983606557377, "support": 70.0}, "15": {"precision": 0.8918918918918919, "recall": 0.9428571428571428, "f1-score": 0.9166666666666666, "support": 70.0}, "16": {"precision": 0.9210526315789473, "recall": 1.0, "f1-score": 0.958904109589041, "support": 70.0}, "17": {"precision": 0.25, "recall": 0.17142857142857143, "f1-score": 0.2033898305084746, "support": 70.0}, "18": {"precision": 0.0, "recall": 0.0, "f1-score": 0.0, "support": 70.0}, "19": {"precision": 0.37142857142857144, "recall": 0.41935483870967744, "f1-score": 0.3939393939393939, "support": 31.0}, "20": {"precision": 0.5, "recall": 0.375, "f1-score": 0.42857142857142855, "support": 32.0}, "21": {"precision": 0.2857142857142857, "recall": 0.2, "f1-score": 0.23529411764705882, "support": 70.0}, "22": {"precision": 0.8181818181818182, "recall": 0.7714285714285715, "f1-score": 0.7941176470588235, "support": 70.0}, "23": {"precision": 0.06626506024096386, "recall": 0.15714285714285714, "f1-score": 0.09322033898305085, "support": 70.0}, "24": {"precision": 0.6276595744680851, "recall": 0.8428571428571429, "f1-score": 0.7195121951219512, "support": 70.0}, "25": {"precision": 0.1, "recall": 0.07142857142857142, "f1-score": 0.08333333333333333, "support": 70.0}, "26": {"precision": 0.8414634146341463, "recall": 0.9857142857142858, "f1-score": 0.9078947368421053, "support": 70.0}, "27": {"precision": 0.8571428571428571, "recall": 0.42857142857142855, "f1-score": 0.5714285714285714, "support": 70.0}, "28": {"precision": 0.9459459459459459, "recall": 1.0, "f1-score": 0.9722222222222222, "support": 70.0}, "29": {"precision": 0.8478260869565217, "recall": 0.5571428571428572, "f1-score": 0.6724137931034483, "support": 70.0}, "30": {"precision": 0.8333333333333334, "recall": 1.0, "f1-score": 0.9090909090909091, "support": 70.0}, "accuracy": 0.5232793522267206, "macro avg": {"precision": 0.5141636999706617, "recall": 0.5175375353054854, "f1-score": 0.4981495801671632, "support": 1976.0}, "weighted avg": {"precision": 0.5270274420024977, "recall": 0.5232793522267206, "f1-score": 0.5078129229721132, "support": 1976.0}}, "confusion_matrix": [[35, 0, 0, 0, 2, 0, 33, 0, 0, 0, 0, 0, 0, 0, 0, 0, 0, 0, 0, 0, 0, 0, 0, 0, 0, 0, 0, 0, 0, 0, 0], [4, 7, 0, 7, 0, 10, 8, 0, 0, 0, 1, 1, 0, 0, 2, 2, 0, 4, 0, 0, 0, 5, 0, 13, 0, 6, 0, 0, 0, 0, 0], [1, 2, 32, 3, 1, 2, 1, 0, 0, 0, 0, 0, 2, 1, 1, 0, 0, 1, 3, 0, 0, 1, 0, 8, 3, 5, 0, 2, 0, 1, 0], [0, 2, 0, 18, 0, 1, 0, 0, 0, 0, 0, 0, 0, 0, 0, 1, 0, 0, 0, 2, 10, 0, 0, 0, 0, 0, 0, 0, 0, 0, 1], [1, 1, 2, 0, 58, 0, 1, 0, 0, 0, 0, 0, 0, 0, 3, 1, 0, 0, 0, 0, 0, 0, 0, 2, 0, 0, 0, 1, 0, 0, 0], [2, 4, 1, 1, 2, 34, 4, 1, 0, 1, 0, 0, 0, 0, 0, 0, 0, 4, 1, 2, 0, 0, 0, 5, 1, 3, 2, 0, 0, 1, 1], [1, 2, 0, 2, 0, 4, 43, 0, 1, 0, 0, 0, 4, 0, 1, 0, 0, 0, 0, 0, 0, 0, 0, 3, 0, 5, 0, 0, 0, 0, 4], [1, 8, 2, 1, 0, 0, 3, 17, 1, 2, 2, 0, 4, 0, 4, 1, 2, 1, 0, 0, 0, 8, 3, 8, 2, 0, 0, 0, 0, 0, 0], [3, 0, 2, 0, 3, 0, 2, 1, 0, 0, 3, 2, 3, 1, 0, 0, 0, 3, 1, 0, 0, 1, 1, 4, 0, 3, 2, 0, 0, 0, 0], [0, 1, 0, 0, 0, 0, 0, 0, 0, 30, 0, 0, 0, 0, 0, 0, 0, 0, 0, 0, 0, 0, 0, 0, 0, 0, 0, 0, 0, 0, 0], [1, 0, 1, 0, 0, 4, 1, 4, 0, 0, 37, 0, 4, 0, 2, 0, 0, 0, 1, 0, 0, 0, 0, 8, 3, 3, 0, 0, 0, 0, 1], [0, 0, 0, 0, 5, 0, 0, 0, 10, 0, 7, 31, 1, 0, 15, 0, 0, 1, 0, 0, 0, 0, 0, 0, 0, 0, 0, 0, 0, 0, 0], [2, 0, 4, 12, 0, 8, 5, 1, 0, 0, 2, 0, 8, 0, 0, 1, 0, 5, 0, 2, 0, 3, 0, 9, 0, 4, 3, 0, 0, 1, 0], [0, 0, 2, 9, 0, 0, 0, 0, 0, 0, 2, 0, 3, 21, 1, 0, 0, 4, 0, 0, 0, 0, 0, 0, 20, 0, 0, 0, 0, 0, 0], [0, 0, 0, 0, 0, 0, 0, 0, 0, 0, 0, 0, 0, 0, 69, 0, 0, 0, 0, 0, 0, 1, 0, 0, 0, 0, 0, 0, 0, 0, 0], [0, 0, 0, 0, 0, 0, 0, 0, 0, 0, 0, 0, 0, 0, 0, 66, 1, 0, 0, 0, 0, 0, 0, 3, 0, 0, 0, 0, 0, 0, 0], [0, 0, 0, 0, 0, 0, 0, 0, 0, 0, 0, 0, 0, 0, 0, 0, 70, 0, 0, 0, 0, 0, 0, 0, 0, 0, 0, 0, 0, 0, 0], [3, 2, 1, 9, 0, 2, 6, 0, 0, 1, 7, 0, 1, 1, 9, 0, 0, 12, 1, 2, 1, 0, 1, 1, 0, 6, 2, 0, 0, 1, 1], [0, 1, 0, 0, 0, 0, 1, 0, 0, 0, 0, 0, 0, 0, 0, 0, 0, 3, 0, 0, 0, 0, 0, 63, 0, 1, 0, 0, 0, 1, 0], [0, 0, 0, 0, 1, 0, 1, 2, 0, 0, 0, 0, 0, 1, 0, 0, 3, 2, 0, 13, 0, 4, 0, 1, 1, 0, 0, 0, 1, 0, 1], [0, 0, 0, 0, 0, 0, 0, 1, 0, 1, 0, 0, 0, 0, 0, 0, 0, 0, 0, 14, 12, 0, 0, 0, 0, 0, 0, 0, 1, 0, 3], [1, 2, 2, 5, 0, 5, 5, 7, 0, 0, 6, 3, 4, 0, 3, 0, 0, 1, 0, 0, 1, 14, 1, 4, 2, 0, 0, 2, 2, 0, 0], [0, 0, 0, 1, 0, 1, 1, 0, 0, 0, 0, 2, 0, 0, 0, 0, 0, 0, 0, 0, 0, 2, 54, 8, 0, 1, 0, 0, 0, 0, 0], [11, 3, 3, 2, 4, 9, 2, 1, 0, 0, 3, 2, 3, 0, 0, 0, 0, 2, 1, 0, 0, 1, 6, 11, 2, 2, 1, 0, 0, 1, 0], [0, 0, 0, 0, 0, 0, 10, 0, 0, 0, 0, 0, 0, 0, 0, 0, 0, 0, 0, 0, 0, 0, 0, 1, 59, 0, 0, 0, 0, 0, 0], [6, 4, 2, 3, 1, 11, 10, 1, 1, 0, 3, 0, 3, 1, 2, 2, 0, 2, 1, 0, 0, 4, 0, 1, 1, 5, 3, 0, 0, 1, 2], [0, 0, 0, 0, 0, 0, 0, 0, 0, 0, 0, 1, 0, 0, 0, 0, 0, 0, 0, 0, 0, 0, 0, 0, 0, 0, 69, 0, 0, 0, 0], [3, 0, 0, 9, 0, 0, 0, 0, 0, 8, 3, 0, 0, 0, 1, 0, 0, 1, 0, 0, 0, 1, 0, 13, 0, 1, 0, 30, 0, 0, 0], [0, 0, 0, 0, 0, 0, 0, 0, 0, 0, 0, 0, 0, 0, 0, 0, 0, 0, 0, 0, 0, 0, 0, 0, 0, 0, 0, 0, 70, 0, 0], [0, 4, 3, 3, 0, 0, 5, 2, 0, 0, 0, 0, 2, 1, 0, 0, 0, 2, 0, 0, 0, 4, 0, 0, 0, 5, 0, 0, 0, 39, 0], [0, 0, 0, 0, 0, 0, 0, 0, 0, 0, 0, 0, 0, 0, 0, 0, 0, 0, 0, 0, 0, 0, 0, 0, 0, 0, 0, 0, 0, 0, 70]]}