{"validation_metrics": {"accuracy": 0.05748904356792988, "precision": 0.11387226658751803, "recall": 0.05748904356792988, "f1_score": 0.04267216854698723}, "test_metrics": {"accuracy": 0.04959514170040486, "precision": 0.15808641266103896, "recall": 0.04959514170040486, "f1_score": 0.03632091809775623}, "classification_report": {"0": {"precision": 0.04477611940298507, "recall": 0.08571428571428572, "f1-score": 0.058823529411764705, "support": 70.0}, "1": {"precision": 0.08695652173913043, "recall": 0.02857142857142857, "f1-score": 0.043010752688172046, "support": 70.0}, "2": {"precision": 0.07407407407407407, "recall": 0.02857142857142857, "f1-score": 0.041237113402061855, "support": 70.0}, "3": {"precision": 1.0, "recall": 0.0, "f1-score": 0.0, "support": 35.0}, "4": {"precision": 0.0196078431372549, "recall": 0.014285714285714285, "f1-score": 0.01652892561983471, "support": 70.0}, "5": {"precision": 0.07246376811594203, "recall": 0.14285714285714285, "f1-score": 0.09615384615384616, "support": 70.0}, "6": {"precision": 0.02912621359223301, "recall": 0.04285714285714286, "f1-score": 0.03468208092485549, "support": 70.0}, "7": {"precision": 0.03571428571428571, "recall": 0.014285714285714285, "f1-score": 0.02040816326530612, "support": 70.0}, "8": {"precision": 1.0, "recall": 0.0, "f1-score": 0.0, "support": 35.0}, "9": {"precision": 1.0, "recall": 0.0, "f1-score": 0.0, "support": 31.0}, "10": {"precision": 0.14814814814814814, "recall": 0.05714285714285714, "f1-score": 0.08247422680412371, "support": 70.0}, "11": {"precision": 0.027777777777777776, "recall": 0.02857142857142857, "f1-score": 0.028169014084507043, "support": 70.0}, "12": {"precision": 0.05263157894736842, "recall": 0.02857142857142857, "f1-score": 0.037037037037037035, "support": 70.0}, "13": {"precision": 1.0, "recall": 0.0, "f1-score": 0.0, "support": 62.0}, "14": {"precision": 0.061068702290076333, "recall": 0.45714285714285713, "f1-score": 0.10774410774410774, "support": 70.0}, "15": {"precision": 0.0, "recall": 0.0, "f1-score": 0.0, "support": 70.0}, "16": {"precision": 0.0625, "recall": 0.014285714285714285, "f1-score": 0.023255813953488372, "support": 70.0}, "17": {"precision": 0.037037037037037035, "recall": 0.014285714285714285, "f1-score": 0.020618556701030927, "support": 70.0}, "18": {"precision": 0.056338028169014086, "recall": 0.05714285714285714, "f1-score": 0.05673758865248227, "support": 70.0}, "19": {"precision": 1.0, "recall": 0.0, "f1-score": 0.0, "support": 31.0}, "20": {"precision": 1.0, "recall": 0.0, "f1-score": 0.0, "support": 32.0}, "21": {"precision": 0.15384615384615385, "recall": 0.05714285714285714, "f1-score": 0.08333333333333333, "support": 70.0}, "22": {"precision": 0.023809523809523808, "recall": 0.014285714285714285, "f1-score": 0.017857142857142856, "support": 70.0}, "23": {"precision": 0.03225806451612903, "recall": 0.014285714285714285, "f1-score": 0.019801980198019802, "support": 70.0}, "24": {"precision": 0.0, "recall": 0.0, "f1-score": 0.0, "support": 70.0}, "25": {"precision": 0.058823529411764705, "recall": 0.02857142857142857, "f1-score": 0.038461538461538464, "support": 70.0}, "26": {"precision": 0.0, "recall": 0.0, "f1-score": 0.0, "support": 70.0}, "27": {"precision": 0.0, "recall": 0.0, "f1-score": 0.0, "support": 70.0}, "28": {"precision": 0.0, "recall": 0.0, "f1-score": 0.0, "support": 70.0}, "29": {"precision": 0.15702479338842976, "recall": 0.2714285714285714, "f1-score": 0.19895287958115182, "support": 70.0}, "30": {"precision": 0.0, "recall": 0.0, "f1-score": 0.0, "support": 70.0}, "accuracy": 0.04959514170040486, "macro avg": {"precision": 0.2333542633263654, "recall": 0.045161290322580636, "f1-score": 0.03307379454431627, "support": 1976.0}, "weighted avg": {"precision": 0.15808641266103896, "recall": 0.04959514170040486, "f1-score": 0.03632091809775623, "support": 1976.0}}, "confusion_matrix": [[6, 1, 0, 0, 0, 17, 2, 1, 0, 0, 1, 3, 1, 0, 29, 0, 0, 0, 0, 0, 0, 0, 1, 2, 0, 1, 0, 0, 5, 0, 0], [8, 2, 1, 0, 0, 4, 3, 0, 0, 0, 4, 4, 2, 0, 19, 3, 0, 2, 3, 0, 0, 1, 2, 1, 1, 1, 1, 1, 2, 1, 4], [2, 1, 2, 0, 0, 3, 1, 1, 0, 0, 0, 7, 0, 0, 20, 1, 1, 1, 2, 0, 0, 1, 3, 1, 3, 0, 3, 0, 5, 1, 11], [1, 1, 1, 0, 0, 0, 3, 0, 0, 0, 1, 4, 1, 0, 11, 1, 1, 0, 2, 0, 0, 1, 0, 0, 2, 2, 1, 0, 0, 1, 1], [0, 2, 0, 0, 1, 1, 0, 0, 0, 0, 1, 0, 0, 0, 3, 0, 0, 0, 1, 0, 0, 3, 0, 15, 0, 0, 0, 0, 1, 0, 42], [5, 0, 3, 0, 0, 10, 3, 0, 0, 0, 3, 1, 2, 0, 28, 0, 0, 0, 1, 0, 0, 3, 0, 0, 1, 1, 0, 0, 4, 3, 2], [1, 0, 1, 0, 0, 5, 3, 9, 0, 0, 1, 0, 2, 0, 25, 0, 2, 1, 0, 0, 0, 0, 3, 0, 2, 0, 0, 3, 8, 2, 2], [4, 3, 3, 0, 0, 2, 2, 1, 0, 0, 1, 3, 0, 0, 25, 1, 0, 1, 0, 0, 0, 0, 2, 1, 3, 0, 0, 7, 4, 1, 6], [3, 0, 0, 0, 2, 3, 0, 0, 0, 0, 1, 1, 2, 0, 8, 0, 1, 0, 2, 0, 0, 0, 0, 0, 1, 1, 2, 1, 5, 2, 0], [1, 0, 1, 0, 3, 0, 0, 1, 0, 0, 0, 5, 2, 0, 2, 0, 0, 0, 5, 0, 0, 0, 3, 1, 0, 1, 4, 1, 1, 0, 0], [6, 1, 0, 0, 1, 7, 2, 1, 0, 0, 4, 5, 4, 0, 16, 0, 1, 0, 0, 0, 0, 1, 0, 1, 4, 1, 0, 0, 8, 2, 5], [7, 1, 0, 0, 1, 1, 9, 0, 0, 0, 0, 2, 0, 0, 26, 0, 0, 1, 6, 0, 0, 1, 2, 0, 1, 0, 3, 2, 0, 1, 6], [4, 2, 1, 0, 0, 4, 0, 2, 0, 0, 3, 5, 2, 0, 25, 1, 1, 0, 1, 0, 0, 1, 1, 0, 8, 1, 2, 0, 4, 1, 1], [13, 0, 1, 0, 0, 4, 2, 0, 0, 0, 0, 0, 0, 0, 25, 2, 0, 0, 0, 0, 0, 0, 0, 0, 6, 0, 0, 0, 0, 4, 5], [2, 1, 0, 0, 0, 0, 0, 0, 0, 0, 0, 3, 0, 0, 32, 3, 0, 7, 3, 0, 0, 2, 0, 1, 0, 0, 0, 8, 3, 5, 0], [6, 0, 2, 0, 0, 1, 45, 0, 0, 0, 0, 0, 0, 0, 5, 0, 0, 0, 2, 0, 0, 0, 2, 1, 0, 0, 0, 0, 4, 0, 2], [0, 0, 0, 0, 32, 0, 0, 3, 0, 0, 0, 1, 0, 0, 9, 0, 1, 0, 12, 0, 0, 1, 0, 0, 4, 7, 0, 0, 0, 0, 0], [4, 0, 1, 0, 2, 3, 0, 2, 0, 0, 0, 2, 3, 0, 17, 2, 0, 1, 4, 0, 0, 2, 1, 0, 6, 0, 4, 8, 0, 3, 5], [9, 0, 0, 0, 2, 1, 8, 0, 0, 0, 0, 5, 0, 0, 19, 0, 0, 0, 4, 0, 0, 3, 0, 0, 1, 1, 4, 0, 11, 0, 2], [1, 0, 1, 0, 1, 3, 0, 0, 0, 0, 1, 0, 1, 0, 10, 1, 1, 1, 0, 0, 0, 0, 2, 1, 1, 2, 0, 0, 0, 0, 4], [2, 1, 1, 0, 0, 1, 0, 1, 0, 0, 0, 3, 1, 0, 10, 0, 0, 0, 3, 0, 0, 0, 0, 0, 0, 2, 0, 3, 2, 1, 1], [9, 0, 0, 0, 1, 4, 0, 0, 0, 0, 1, 4, 1, 0, 17, 1, 0, 0, 1, 0, 0, 4, 5, 1, 2, 1, 2, 0, 7, 0, 9], [6, 0, 6, 0, 1, 2, 0, 2, 0, 0, 3, 2, 2, 0, 22, 1, 0, 0, 1, 0, 0, 0, 1, 1, 1, 4, 4, 2, 4, 1, 4], [3, 1, 1, 0, 0, 7, 7, 1, 0, 0, 1, 2, 2, 0, 11, 0, 3, 2, 4, 0, 0, 1, 4, 1, 1, 0, 0, 4, 7, 1, 6], [7, 1, 0, 0, 0, 0, 0, 1, 0, 0, 0, 3, 2, 0, 37, 1, 1, 6, 2, 0, 0, 0, 3, 1, 0, 1, 0, 0, 0, 0, 4], [8, 0, 1, 0, 1, 4, 1, 0, 0, 0, 1, 2, 3, 0, 25, 1, 2, 1, 3, 0, 0, 0, 1, 0, 2, 2, 1, 1, 4, 0, 6], [0, 0, 0, 0, 0, 0, 0, 0, 0, 0, 0, 0, 0, 0, 22, 0, 0, 0, 0, 0, 0, 0, 0, 0, 0, 0, 0, 1, 0, 0, 47], [4, 0, 0, 0, 3, 7, 7, 1, 0, 0, 0, 3, 4, 0, 6, 3, 0, 3, 6, 0, 0, 1, 5, 1, 0, 3, 0, 0, 9, 2, 2], [0, 0, 0, 0, 0, 0, 0, 0, 0, 0, 0, 0, 0, 0, 0, 0, 0, 0, 0, 0, 0, 0, 0, 0, 0, 0, 0, 0, 0, 70, 0], [7, 5, 0, 0, 0, 4, 0, 1, 0, 0, 0, 0, 1, 0, 11, 0, 1, 0, 3, 0, 0, 0, 1, 1, 1, 0, 0, 0, 11, 19, 4], [5, 0, 0, 0, 0, 40, 5, 0, 0, 0, 0, 2, 0, 0, 9, 0, 0, 0, 0, 0, 0, 0, 0, 0, 7, 2, 0, 0, 0, 0, 0]]}