{"validation_metrics": {"accuracy": 0.28735856418259853, "precision": 0.37365816356606446, "recall": 0.28735856418259853, "f1_score": 0.27918931045200057}, "test_metrics": {"accuracy": 0.3412087912087912, "precision": 0.3530853285057065, "recall": 0.3412087912087912, "f1_score": 0.3375649828090998}, "classification_report": {"0": {"precision": 0.48175182481751827, "recall": 0.9428571428571428, "f1-score": 0.6376811594202898, "support": 70.0}, "1": {"precision": 0.17647058823529413, "recall": 0.21428571428571427, "f1-score": 0.1935483870967742, "support": 70.0}, "2": {"precision": 0.17647058823529413, "recall": 0.17142857142857143, "f1-score": 0.17391304347826086, "support": 70.0}, "3": {"precision": 0.43478260869565216, "recall": 0.2857142857142857, "f1-score": 0.3448275862068966, "support": 70.0}, "4": {"precision": 0.3013698630136986, "recall": 0.3142857142857143, "f1-score": 0.3076923076923077, "support": 70.0}, "5": {"precision": 0.20408163265306123, "recall": 0.2857142857142857, "f1-score": 0.23809523809523808, "support": 70.0}, "6": {"precision": 0.2222222222222222, "recall": 0.22857142857142856, "f1-score": 0.22535211267605634, "support": 70.0}, "7": {"precision": 0.3253012048192771, "recall": 0.38571428571428573, "f1-score": 0.35294117647058826, "support": 70.0}, "8": {"precision": 0.5208333333333334, "recall": 0.35714285714285715, "f1-score": 0.423728813559322, "support": 70.0}, "9": {"precision": 0.05660377358490566, "recall": 0.08571428571428572, "f1-score": 0.06818181818181818, "support": 70.0}, "10": {"precision": 0.6617647058823529, "recall": 0.6428571428571429, "f1-score": 0.6521739130434783, "support": 70.0}, "11": {"precision": 0.7654320987654321, "recall": 0.8857142857142857, "f1-score": 0.8211920529801324, "support": 70.0}, "12": {"precision": 0.0, "recall": 0.0, "f1-score": 0.0, "support": 70.0}, "13": {"precision": 0.015384615384615385, "recall": 0.02857142857142857, "f1-score": 0.02, "support": 70.0}, "14": {"precision": 0.2711864406779661, "recall": 0.22857142857142856, "f1-score": 0.24806201550387597, "support": 70.0}, "15": {"precision": 0.14545454545454545, "recall": 0.11428571428571428, "f1-score": 0.128, "support": 70.0}, "16": {"precision": 0.7, "recall": 0.3, "f1-score": 0.42, "support": 70.0}, "17": {"precision": 0.15384615384615385, "recall": 0.2, "f1-score": 0.17391304347826086, "support": 70.0}, "18": {"precision": 0.10416666666666667, "recall": 0.07142857142857142, "f1-score": 0.0847457627118644, "support": 70.0}, "19": {"precision": 0.1891891891891892, "recall": 0.1, "f1-score": 0.1308411214953271, "support": 70.0}, "20": {"precision": 0.1111111111111111, "recall": 0.12857142857142856, "f1-score": 0.11920529801324503, "support": 70.0}, "21": {"precision": 0.7115384615384616, "recall": 0.5285714285714286, "f1-score": 0.6065573770491803, "support": 70.0}, "22": {"precision": 0.3333333333333333, "recall": 0.34285714285714286, "f1-score": 0.3380281690140845, "support": 70.0}, "23": {"precision": 0.9722222222222222, "recall": 1.0, "f1-score": 0.9859154929577465, "support": 70.0}, "24": {"precision": 0.17647058823529413, "recall": 0.12857142857142856, "f1-score": 0.1487603305785124, "support": 70.0}, "25": {"precision": 0.9692307692307692, "recall": 0.9, "f1-score": 0.9333333333333333, "support": 70.0}, "accuracy": 0.3412087912087912, "macro avg": {"precision": 0.3530853285057065, "recall": 0.3412087912087912, "f1-score": 0.33756498280909975, "support": 1820.0}, "weighted avg": {"precision": 0.3530853285057065, "recall": 0.3412087912087912, "f1-score": 0.3375649828090998, "support": 1820.0}}, "confusion_matrix": [[66, 0, 0, 0, 0, 1, 0, 0, 0, 2, 0, 0, 0, 0, 0, 0, 0, 0, 0, 0, 1, 0, 0, 0, 0, 0], [2, 15, 1, 0, 1, 5, 2, 1, 0, 4, 0, 0, 0, 2, 3, 2, 1, 9, 2, 1, 8, 2, 2, 0, 7, 0], [11, 4, 12, 0, 3, 6, 3, 0, 0, 2, 0, 3, 0, 7, 0, 1, 0, 0, 3, 2, 4, 2, 3, 0, 4, 0], [0, 2, 1, 20, 3, 0, 0, 2, 0, 37, 0, 0, 1, 1, 0, 0, 1, 0, 0, 0, 0, 0, 1, 0, 1, 0], [2, 1, 0, 2, 22, 1, 4, 1, 1, 0, 0, 0, 0, 4, 2, 7, 0, 4, 4, 4, 5, 2, 2, 1, 0, 1], [4, 4, 3, 0, 2, 20, 1, 10, 0, 7, 1, 0, 0, 1, 0, 0, 0, 2, 4, 4, 5, 0, 0, 0, 2, 0], [2, 11, 10, 0, 1, 4, 16, 2, 2, 0, 1, 3, 0, 6, 1, 1, 0, 0, 3, 2, 2, 0, 1, 0, 2, 0], [0, 5, 6, 2, 7, 1, 0, 27, 0, 3, 0, 0, 0, 5, 0, 0, 1, 5, 1, 0, 3, 0, 0, 0, 4, 0], [0, 0, 1, 0, 2, 0, 11, 6, 25, 0, 3, 0, 0, 12, 1, 2, 0, 2, 0, 0, 0, 0, 5, 0, 0, 0], [1, 4, 3, 1, 3, 5, 0, 3, 1, 6, 0, 2, 1, 3, 6, 8, 1, 6, 6, 0, 4, 1, 3, 0, 2, 0], [0, 0, 0, 0, 6, 9, 1, 0, 5, 0, 45, 0, 0, 4, 0, 0, 0, 0, 0, 0, 0, 0, 0, 0, 0, 0], [0, 1, 0, 0, 0, 0, 0, 1, 0, 0, 0, 62, 0, 1, 0, 3, 0, 0, 1, 0, 1, 0, 0, 0, 0, 0], [0, 0, 0, 0, 10, 0, 0, 0, 0, 0, 0, 0, 0, 60, 0, 0, 0, 0, 0, 0, 0, 0, 0, 0, 0, 0], [9, 3, 3, 0, 3, 3, 12, 1, 0, 2, 0, 1, 8, 2, 1, 4, 0, 2, 4, 1, 3, 0, 5, 0, 3, 0], [0, 5, 1, 0, 0, 0, 0, 1, 3, 19, 0, 6, 0, 0, 16, 2, 0, 1, 0, 0, 1, 0, 12, 0, 3, 0], [0, 6, 0, 1, 0, 7, 2, 3, 8, 7, 1, 1, 0, 3, 5, 8, 0, 0, 0, 1, 5, 1, 10, 0, 1, 0], [1, 0, 4, 10, 0, 3, 0, 0, 0, 9, 0, 0, 0, 6, 0, 2, 21, 7, 0, 1, 2, 0, 0, 0, 4, 0], [0, 6, 3, 3, 5, 5, 3, 5, 1, 1, 0, 0, 0, 3, 4, 0, 3, 14, 3, 3, 4, 0, 2, 0, 2, 0], [2, 6, 5, 2, 3, 3, 6, 5, 0, 3, 0, 3, 2, 5, 0, 2, 0, 1, 5, 5, 6, 1, 0, 0, 4, 1], [22, 0, 0, 0, 0, 10, 5, 8, 0, 0, 2, 0, 0, 0, 0, 1, 0, 7, 0, 7, 7, 0, 0, 1, 0, 0], [1, 4, 4, 1, 1, 6, 2, 4, 0, 4, 1, 0, 0, 4, 3, 2, 2, 3, 7, 6, 9, 2, 2, 0, 2, 0], [10, 0, 0, 0, 0, 0, 0, 0, 0, 0, 0, 0, 0, 0, 0, 1, 0, 22, 0, 0, 0, 37, 0, 0, 0, 0], [0, 3, 6, 3, 0, 0, 0, 0, 2, 0, 14, 0, 0, 0, 1, 9, 0, 5, 1, 0, 0, 1, 24, 0, 1, 0], [0, 0, 0, 0, 0, 0, 0, 0, 0, 0, 0, 0, 0, 0, 0, 0, 0, 0, 0, 0, 0, 0, 0, 70, 0, 0], [2, 5, 0, 1, 1, 9, 4, 3, 0, 0, 0, 0, 0, 1, 16, 0, 0, 1, 4, 0, 11, 3, 0, 0, 9, 0], [2, 0, 5, 0, 0, 0, 0, 0, 0, 0, 0, 0, 0, 0, 0, 0, 0, 0, 0, 0, 0, 0, 0, 0, 0, 63]]}