{"validation_metrics": {"accuracy": 0.09871244635193133, "precision": 0.2786703283918388, "recall": 0.09871244635193133, "f1_score": 0.07324378618788162}, "test_metrics": {"accuracy": 0.12307692307692308, "precision": 0.131986400601257, "recall": 0.12307692307692308, "f1_score": 0.09176798707978695}, "classification_report": {"0": {"precision": 0.6875, "recall": 0.15714285714285714, "f1-score": 0.2558139534883721, "support": 70.0}, "1": {"precision": 0.0, "recall": 0.0, "f1-score": 0.0, "support": 70.0}, "2": {"precision": 0.0, "recall": 0.0, "f1-score": 0.0, "support": 70.0}, "3": {"precision": 0.5138888888888888, "recall": 0.5285714285714286, "f1-score": 0.5211267605633803, "support": 70.0}, "4": {"precision": 0.06060606060606061, "recall": 0.05714285714285714, "f1-score": 0.058823529411764705, "support": 70.0}, "5": {"precision": 0.0, "recall": 0.0, "f1-score": 0.0, "support": 70.0}, "6": {"precision": 0.25, "recall": 0.02857142857142857, "f1-score": 0.05128205128205128, "support": 70.0}, "7": {"precision": 0.0, "recall": 0.0, "f1-score": 0.0, "support": 70.0}, "8": {"precision": 0.0, "recall": 0.0, "f1-score": 0.0, "support": 70.0}, "9": {"precision": 0.0, "recall": 0.0, "f1-score": 0.0, "support": 70.0}, "10": {"precision": 0.23529411764705882, "recall": 0.11428571428571428, "f1-score": 0.15384615384615385, "support": 70.0}, "11": {"precision": 0.10566615620214395, "recall": 0.9857142857142858, "f1-score": 0.1908713692946058, "support": 70.0}, "12": {"precision": 0.20833333333333334, "recall": 0.07142857142857142, "f1-score": 0.10638297872340426, "support": 70.0}, "13": {"precision": 0.045454545454545456, "recall": 0.014285714285714285, "f1-score": 0.021739130434782608, "support": 70.0}, "14": {"precision": 0.06572769953051644, "recall": 0.4, "f1-score": 0.11290322580645161, "support": 70.0}, "15": {"precision": 0.0, "recall": 0.0, "f1-score": 0.0, "support": 70.0}, "16": {"precision": 0.2, "recall": 0.014285714285714285, "f1-score": 0.02666666666666667, "support": 70.0}, "17": {"precision": 0.0, "recall": 0.0, "f1-score": 0.0, "support": 70.0}, "18": {"precision": 0.0, "recall": 0.0, "f1-score": 0.0, "support": 70.0}, "19": {"precision": 0.0, "recall": 0.0, "f1-score": 0.0, "support": 70.0}, "20": {"precision": 0.045662100456621, "recall": 0.14285714285714285, "f1-score": 0.06920415224913495, "support": 70.0}, "21": {"precision": 0.0, "recall": 0.0, "f1-score": 0.0, "support": 70.0}, "22": {"precision": 0.013513513513513514, "recall": 0.014285714285714285, "f1-score": 0.013888888888888888, "support": 70.0}, "23": {"precision": 0.0, "recall": 0.0, "f1-score": 0.0, "support": 70.0}, "24": {"precision": 0.0, "recall": 0.0, "f1-score": 0.0, "support": 70.0}, "25": {"precision": 1.0, "recall": 0.6714285714285714, "f1-score": 0.8034188034188035, "support": 70.0}, "accuracy": 0.12307692307692308, "macro avg": {"precision": 0.131986400601257, "recall": 0.12307692307692307, "f1-score": 0.09176798707978694, "support": 1820.0}, "weighted avg": {"precision": 0.131986400601257, "recall": 0.12307692307692308, "f1-score": 0.09176798707978695, "support": 1820.0}}, "confusion_matrix": [[11, 0, 0, 7, 0, 1, 0, 0, 0, 0, 7, 16, 0, 0, 0, 7, 3, 0, 0, 0, 0, 1, 16, 1, 0, 0], [0, 0, 0, 2, 3, 1, 0, 0, 0, 0, 1, 18, 1, 0, 17, 0, 0, 1, 1, 1, 16, 1, 3, 3, 1, 0], [0, 1, 0, 1, 2, 6, 0, 0, 0, 0, 0, 24, 0, 2, 11, 0, 0, 1, 0, 0, 12, 0, 6, 4, 0, 0], [0, 0, 0, 37, 2, 0, 0, 0, 0, 0, 0, 25, 0, 0, 5, 0, 0, 0, 0, 0, 1, 0, 0, 0, 0, 0], [0, 0, 1, 0, 4, 0, 0, 0, 0, 0, 2, 31, 4, 2, 7, 0, 0, 0, 1, 0, 9, 0, 3, 6, 0, 0], [1, 0, 0, 2, 25, 0, 1, 0, 0, 0, 1, 17, 2, 0, 8, 0, 0, 1, 0, 0, 3, 1, 2, 3, 3, 0], [0, 0, 0, 1, 0, 1, 2, 0, 2, 0, 0, 31, 0, 7, 14, 0, 0, 0, 0, 0, 3, 0, 5, 4, 0, 0], [0, 0, 0, 5, 1, 0, 2, 0, 0, 0, 1, 24, 1, 5, 23, 0, 1, 0, 0, 0, 3, 0, 2, 1, 1, 0], [0, 0, 0, 1, 0, 2, 0, 0, 0, 0, 0, 36, 0, 0, 19, 0, 0, 2, 0, 6, 3, 0, 1, 0, 0, 0], [0, 0, 0, 0, 1, 1, 0, 0, 0, 0, 1, 33, 0, 1, 19, 0, 0, 1, 0, 0, 6, 1, 4, 2, 0, 0], [0, 0, 0, 2, 2, 1, 0, 0, 2, 0, 8, 37, 0, 1, 7, 0, 0, 3, 0, 3, 1, 0, 2, 1, 0, 0], [0, 0, 0, 0, 0, 0, 0, 0, 0, 0, 0, 69, 0, 0, 1, 0, 0, 0, 0, 0, 0, 0, 0, 0, 0, 0], [0, 0, 0, 0, 0, 0, 0, 0, 0, 0, 0, 0, 5, 0, 20, 0, 0, 0, 0, 0, 43, 2, 0, 0, 0, 0], [0, 0, 0, 0, 2, 1, 0, 0, 0, 0, 0, 26, 0, 1, 27, 0, 0, 0, 0, 0, 7, 0, 3, 3, 0, 0], [0, 0, 0, 0, 3, 0, 1, 0, 0, 0, 0, 17, 0, 0, 28, 0, 0, 0, 0, 0, 8, 0, 13, 0, 0, 0], [0, 0, 0, 1, 0, 0, 0, 0, 1, 0, 3, 18, 1, 2, 24, 0, 0, 2, 0, 0, 5, 0, 6, 7, 0, 0], [3, 0, 0, 9, 1, 0, 0, 0, 0, 2, 0, 21, 0, 0, 26, 0, 1, 0, 0, 0, 2, 1, 0, 4, 0, 0], [1, 0, 0, 2, 2, 0, 1, 0, 1, 0, 1, 24, 0, 0, 19, 1, 0, 0, 0, 0, 15, 1, 1, 1, 0, 0], [0, 0, 0, 0, 1, 0, 0, 0, 1, 0, 1, 34, 0, 0, 14, 0, 0, 0, 0, 1, 14, 0, 2, 2, 0, 0], [0, 0, 0, 0, 12, 0, 0, 0, 0, 0, 0, 6, 0, 0, 27, 0, 0, 0, 0, 0, 23, 0, 0, 2, 0, 0], [0, 0, 0, 1, 2, 1, 1, 0, 3, 0, 1, 23, 4, 1, 10, 0, 0, 2, 0, 2, 10, 0, 1, 8, 0, 0], [0, 0, 0, 0, 0, 0, 0, 0, 0, 0, 0, 11, 0, 0, 59, 0, 0, 0, 0, 0, 0, 0, 0, 0, 0, 0], [0, 0, 1, 1, 2, 0, 0, 1, 5, 0, 0, 23, 5, 0, 15, 0, 0, 2, 0, 1, 13, 0, 1, 0, 0, 0], [0, 0, 0, 0, 0, 0, 0, 0, 0, 0, 0, 70, 0, 0, 0, 0, 0, 0, 0, 0, 0, 0, 0, 0, 0, 0], [0, 0, 0, 0, 1, 9, 0, 0, 0, 0, 7, 12, 1, 0, 10, 0, 0, 0, 0, 0, 22, 0, 3, 5, 0, 0], [0, 0, 0, 0, 0, 0, 0, 0, 0, 0, 0, 7, 0, 0, 16, 0, 0, 0, 0, 0, 0, 0, 0, 0, 0, 47]]}