{"validation_metrics": {"accuracy": 0.4410846664065548, "precision": 0.5303327687095205, "recall": 0.4410846664065548, "f1_score": 0.39527448171111423}, "test_metrics": {"accuracy": 0.5565934065934066, "precision": 0.5522565103508973, "recall": 0.5565934065934066, "f1_score": 0.5435127279897792}, "classification_report": {"0": {"precision": 0.5824175824175825, "recall": 0.7571428571428571, "f1-score": 0.6583850931677019, "support": 70.0}, "1": {"precision": 0.25, "recall": 0.3, "f1-score": 0.2727272727272727, "support": 70.0}, "2": {"precision": 0.46153846153846156, "recall": 0.42857142857142855, "f1-score": 0.4444444444444444, "support": 70.0}, "3": {"precision": 0.967741935483871, "recall": 0.8571428571428571, "f1-score": 0.9090909090909091, "support": 70.0}, "4": {"precision": 0.23577235772357724, "recall": 0.4142857142857143, "f1-score": 0.3005181347150259, "support": 70.0}, "5": {"precision": 0.2708333333333333, "recall": 0.37142857142857144, "f1-score": 0.3132530120481928, "support": 70.0}, "6": {"precision": 0.26785714285714285, "recall": 0.21428571428571427, "f1-score": 0.23809523809523808, "support": 70.0}, "7": {"precision": 0.3835616438356164, "recall": 0.4, "f1-score": 0.3916083916083916, "support": 70.0}, "8": {"precision": 0.8297872340425532, "recall": 0.5571428571428572, "f1-score": 0.6666666666666666, "support": 70.0}, "9": {"precision": 0.32051282051282054, "recall": 0.35714285714285715, "f1-score": 0.33783783783783783, "support": 70.0}, "10": {"precision": 0.6494845360824743, "recall": 0.9, "f1-score": 0.7544910179640718, "support": 70.0}, "11": {"precision": 0.8441558441558441, "recall": 0.9285714285714286, "f1-score": 0.8843537414965986, "support": 70.0}, "12": {"precision": 0.9722222222222222, "recall": 1.0, "f1-score": 0.9859154929577465, "support": 70.0}, "13": {"precision": 0.5263157894736842, "recall": 0.42857142857142855, "f1-score": 0.47244094488188976, "support": 70.0}, "14": {"precision": 0.5217391304347826, "recall": 0.17142857142857143, "f1-score": 0.25806451612903225, "support": 70.0}, "15": {"precision": 0.30434782608695654, "recall": 0.2, "f1-score": 0.2413793103448276, "support": 70.0}, "16": {"precision": 0.7910447761194029, "recall": 0.7571428571428571, "f1-score": 0.7737226277372263, "support": 70.0}, "17": {"precision": 0.16901408450704225, "recall": 0.17142857142857143, "f1-score": 0.1702127659574468, "support": 70.0}, "18": {"precision": 0.24242424242424243, "recall": 0.11428571428571428, "f1-score": 0.1553398058252427, "support": 70.0}, "19": {"precision": 0.7073170731707317, "recall": 0.8285714285714286, "f1-score": 0.7631578947368421, "support": 70.0}, "20": {"precision": 0.23809523809523808, "recall": 0.14285714285714285, "f1-score": 0.17857142857142858, "support": 70.0}, "21": {"precision": 0.7666666666666667, "recall": 0.9857142857142858, "f1-score": 0.8625, "support": 70.0}, "22": {"precision": 0.7586206896551724, "recall": 0.6285714285714286, "f1-score": 0.6875, "support": 70.0}, "23": {"precision": 0.8641975308641975, "recall": 1.0, "f1-score": 0.9271523178807947, "support": 70.0}, "24": {"precision": 0.6190476190476191, "recall": 0.5571428571428572, "f1-score": 0.5864661654135338, "support": 70.0}, "25": {"precision": 0.813953488372093, "recall": 1.0, "f1-score": 0.8974358974358975, "support": 70.0}, "accuracy": 0.5565934065934066, "macro avg": {"precision": 0.5522565103508972, "recall": 0.5565934065934066, "f1-score": 0.5435127279897792, "support": 1820.0}, "weighted avg": {"precision": 0.5522565103508973, "recall": 0.5565934065934066, "f1-score": 0.5435127279897792, "support": 1820.0}}, "confusion_matrix": [[53, 0, 0, 0, 2, 11, 0, 0, 0, 0, 0, 0, 0, 0, 0, 0, 0, 0, 2, 0, 0, 0, 2, 0, 0, 0], [1, 21, 1, 0, 6, 1, 7, 1, 0, 2, 2, 0, 1, 6, 0, 3, 2, 10, 0, 3, 0, 0, 0, 0, 3, 0], [0, 0, 30, 0, 1, 8, 0, 4, 0, 8, 0, 0, 0, 2, 1, 0, 0, 3, 2, 1, 7, 0, 0, 0, 3, 0], [0, 0, 0, 60, 2, 0, 0, 1, 0, 2, 0, 1, 0, 0, 0, 1, 0, 0, 0, 0, 0, 0, 3, 0, 0, 0], [4, 2, 1, 1, 29, 5, 2, 3, 0, 3, 1, 0, 0, 4, 4, 1, 0, 2, 1, 0, 4, 2, 1, 0, 0, 0], [4, 5, 0, 0, 6, 26, 3, 0, 1, 2, 1, 1, 0, 3, 1, 0, 0, 3, 11, 0, 3, 0, 0, 0, 0, 0], [0, 3, 1, 0, 0, 5, 15, 2, 0, 1, 13, 2, 0, 2, 0, 13, 0, 7, 2, 3, 0, 1, 0, 0, 0, 0], [0, 2, 0, 0, 20, 2, 0, 28, 0, 0, 0, 0, 0, 0, 1, 0, 1, 2, 2, 0, 0, 1, 0, 0, 2, 9], [0, 15, 2, 1, 0, 0, 2, 0, 39, 1, 9, 0, 0, 1, 0, 0, 0, 0, 0, 0, 0, 0, 0, 0, 0, 0], [7, 2, 1, 0, 7, 4, 0, 1, 2, 25, 0, 1, 0, 2, 0, 2, 0, 5, 0, 2, 3, 1, 3, 0, 2, 0], [0, 0, 0, 0, 0, 0, 1, 3, 3, 0, 63, 0, 0, 0, 0, 0, 0, 0, 0, 0, 0, 0, 0, 0, 0, 0], [0, 0, 0, 0, 0, 0, 0, 0, 0, 0, 0, 65, 0, 0, 1, 0, 0, 0, 0, 0, 0, 3, 0, 0, 1, 0], [0, 0, 0, 0, 0, 0, 0, 0, 0, 0, 0, 0, 70, 0, 0, 0, 0, 0, 0, 0, 0, 0, 0, 0, 0, 0], [0, 4, 2, 0, 5, 3, 1, 4, 0, 1, 2, 4, 0, 30, 0, 1, 1, 0, 0, 5, 2, 2, 0, 0, 3, 0], [3, 0, 12, 0, 11, 7, 0, 0, 0, 6, 0, 0, 0, 1, 12, 4, 0, 10, 0, 0, 0, 0, 0, 0, 4, 0], [0, 0, 2, 0, 7, 1, 10, 5, 0, 9, 3, 0, 0, 0, 0, 14, 1, 8, 2, 3, 0, 1, 2, 1, 0, 1], [3, 4, 1, 0, 0, 0, 5, 0, 0, 0, 0, 0, 0, 0, 0, 0, 53, 3, 0, 1, 0, 0, 0, 0, 0, 0], [8, 2, 5, 0, 4, 5, 2, 6, 1, 0, 0, 0, 0, 4, 2, 3, 6, 12, 2, 0, 2, 3, 1, 0, 1, 1], [2, 1, 3, 0, 9, 4, 6, 1, 1, 7, 2, 2, 1, 0, 1, 4, 0, 3, 8, 3, 6, 0, 1, 0, 1, 4], [0, 0, 0, 0, 0, 0, 1, 0, 0, 0, 0, 0, 0, 0, 0, 0, 0, 0, 0, 58, 0, 0, 0, 10, 1, 0], [6, 3, 2, 0, 11, 12, 1, 4, 0, 1, 1, 1, 0, 2, 0, 0, 3, 1, 1, 0, 10, 7, 0, 0, 3, 1], [0, 0, 0, 0, 0, 0, 0, 1, 0, 0, 0, 0, 0, 0, 0, 0, 0, 0, 0, 0, 0, 69, 0, 0, 0, 0], [0, 17, 2, 0, 0, 0, 0, 6, 0, 0, 0, 0, 0, 0, 0, 0, 0, 1, 0, 0, 0, 0, 44, 0, 0, 0], [0, 0, 0, 0, 0, 0, 0, 0, 0, 0, 0, 0, 0, 0, 0, 0, 0, 0, 0, 0, 0, 0, 0, 70, 0, 0], [0, 3, 0, 0, 3, 2, 0, 3, 0, 10, 0, 0, 0, 0, 0, 0, 0, 1, 0, 3, 5, 0, 1, 0, 39, 0], [0, 0, 0, 0, 0, 0, 0, 0, 0, 0, 0, 0, 0, 0, 0, 0, 0, 0, 0, 0, 0, 0, 0, 0, 0, 70]]}