{"validation_metrics": {"accuracy": 0.10397971127584861, "precision": 0.15463167010345205, "recall": 0.10397971127584861, "f1_score": 0.07085122275748383}, "test_metrics": {"accuracy": 0.13076923076923078, "precision": 0.09502964087146071, "recall": 0.13076923076923078, "f1_score": 0.09548780363356776}, "classification_report": {"0": {"precision": 0.15428571428571428, "recall": 0.38571428571428573, "f1-score": 0.22040816326530613, "support": 70.0}, "1": {"precision": 0.1111111111111111, "recall": 0.02857142857142857, "f1-score": 0.045454545454545456, "support": 70.0}, "2": {"precision": 0.03125, "recall": 0.014285714285714285, "f1-score": 0.0196078431372549, "support": 70.0}, "3": {"precision": 0.5671641791044776, "recall": 0.5428571428571428, "f1-score": 0.5547445255474452, "support": 70.0}, "4": {"precision": 0.09009009009009009, "recall": 0.14285714285714285, "f1-score": 0.11049723756906077, "support": 70.0}, "5": {"precision": 0.0, "recall": 0.0, "f1-score": 0.0, "support": 70.0}, "6": {"precision": 0.045454545454545456, "recall": 0.014285714285714285, "f1-score": 0.021739130434782608, "support": 70.0}, "7": {"precision": 0.023809523809523808, "recall": 0.014285714285714285, "f1-score": 0.017857142857142856, "support": 70.0}, "8": {"precision": 0.046511627906976744, "recall": 0.05714285714285714, "f1-score": 0.05128205128205128, "support": 70.0}, "9": {"precision": 0.034482758620689655, "recall": 0.02857142857142857, "f1-score": 0.03125, "support": 70.0}, "10": {"precision": 0.12912087912087913, "recall": 0.6714285714285714, "f1-score": 0.21658986175115208, "support": 70.0}, "11": {"precision": 0.020833333333333332, "recall": 0.014285714285714285, "f1-score": 0.01694915254237288, "support": 70.0}, "12": {"precision": 0.0, "recall": 0.0, "f1-score": 0.0, "support": 70.0}, "13": {"precision": 0.021739130434782608, "recall": 0.014285714285714285, "f1-score": 0.017241379310344827, "support": 70.0}, "14": {"precision": 0.0, "recall": 0.0, "f1-score": 0.0, "support": 70.0}, "15": {"precision": 0.18518518518518517, "recall": 0.07142857142857142, "f1-score": 0.10309278350515463, "support": 70.0}, "16": {"precision": 0.10714285714285714, "recall": 0.08571428571428572, "f1-score": 0.09523809523809523, "support": 70.0}, "17": {"precision": 0.16666666666666666, "recall": 0.04285714285714286, "f1-score": 0.06818181818181818, "support": 70.0}, "18": {"precision": 0.05555555555555555, "recall": 0.02857142857142857, "f1-score": 0.03773584905660377, "support": 70.0}, "19": {"precision": 0.17857142857142858, "recall": 0.35714285714285715, "f1-score": 0.23809523809523808, "support": 70.0}, "20": {"precision": 0.0, "recall": 0.0, "f1-score": 0.0, "support": 70.0}, "21": {"precision": 0.0, "recall": 0.0, "f1-score": 0.0, "support": 70.0}, "22": {"precision": 0.14285714285714285, "recall": 0.12857142857142856, "f1-score": 0.13533834586466165, "support": 70.0}, "23": {"precision": 0.0, "recall": 0.0, "f1-score": 0.0, "support": 70.0}, "24": {"precision": 0.02127659574468085, "recall": 0.014285714285714285, "f1-score": 0.017094017094017096, "support": 70.0}, "25": {"precision": 0.33766233766233766, "recall": 0.7428571428571429, "f1-score": 0.4642857142857143, "support": 70.0}, "accuracy": 0.13076923076923078, "macro avg": {"precision": 0.0950296408714607, "recall": 0.13076923076923078, "f1-score": 0.09548780363356778, "support": 1820.0}, "weighted avg": {"precision": 0.09502964087146071, "recall": 0.13076923076923078, "f1-score": 0.09548780363356776, "support": 1820.0}}, "confusion_matrix": [[27, 1, 0, 1, 0, 7, 3, 8, 4, 1, 3, 1, 0, 3, 0, 1, 0, 0, 0, 8, 0, 0, 2, 0, 0, 0], [12, 2, 0, 2, 8, 2, 4, 0, 9, 2, 9, 3, 0, 3, 2, 1, 0, 0, 0, 6, 0, 1, 1, 0, 2, 1], [6, 1, 1, 1, 6, 2, 1, 2, 9, 7, 6, 2, 1, 1, 1, 1, 2, 0, 3, 5, 0, 3, 5, 0, 2, 2], [0, 0, 0, 38, 4, 2, 0, 0, 0, 0, 2, 0, 1, 1, 0, 0, 1, 0, 0, 18, 0, 0, 3, 0, 0, 0], [5, 0, 2, 0, 10, 5, 2, 2, 7, 8, 4, 1, 2, 1, 4, 4, 0, 1, 3, 2, 1, 0, 3, 1, 2, 0], [5, 1, 2, 0, 1, 0, 1, 0, 4, 0, 10, 0, 0, 0, 14, 1, 1, 0, 5, 7, 2, 1, 9, 2, 0, 4], [10, 0, 2, 1, 6, 2, 1, 2, 3, 2, 13, 0, 1, 2, 1, 0, 1, 0, 1, 5, 3, 0, 4, 7, 1, 2], [7, 2, 2, 3, 13, 3, 3, 1, 2, 3, 12, 1, 2, 1, 0, 1, 1, 1, 1, 5, 0, 0, 4, 0, 1, 1], [2, 3, 9, 0, 0, 1, 0, 0, 4, 2, 14, 5, 8, 4, 1, 2, 3, 2, 1, 3, 0, 0, 4, 0, 1, 1], [6, 3, 0, 3, 5, 4, 0, 4, 5, 2, 6, 1, 3, 0, 2, 1, 2, 0, 4, 3, 2, 2, 3, 0, 6, 3], [3, 0, 1, 0, 1, 1, 0, 3, 3, 2, 47, 3, 1, 0, 0, 0, 3, 0, 0, 2, 0, 0, 0, 0, 0, 0], [0, 1, 2, 0, 1, 0, 0, 0, 7, 0, 47, 1, 1, 2, 0, 0, 1, 0, 1, 2, 0, 0, 2, 0, 1, 1], [0, 1, 0, 1, 0, 0, 0, 10, 0, 0, 0, 0, 0, 0, 34, 0, 9, 2, 0, 0, 0, 0, 0, 0, 13, 0], [6, 1, 1, 2, 7, 0, 0, 2, 1, 2, 26, 4, 0, 1, 0, 3, 0, 0, 5, 3, 1, 0, 0, 0, 1, 4], [11, 0, 0, 3, 1, 1, 1, 1, 3, 4, 9, 11, 2, 1, 0, 0, 0, 3, 0, 14, 0, 0, 0, 0, 0, 5], [4, 0, 1, 2, 2, 2, 0, 0, 7, 1, 17, 3, 3, 2, 1, 5, 3, 2, 1, 7, 1, 0, 1, 0, 2, 3], [9, 0, 4, 0, 8, 1, 0, 3, 4, 3, 4, 0, 3, 6, 1, 0, 6, 1, 2, 3, 5, 0, 3, 0, 4, 0], [7, 1, 1, 6, 3, 1, 1, 2, 6, 4, 6, 1, 1, 2, 0, 1, 2, 3, 1, 5, 4, 1, 3, 1, 1, 6], [9, 0, 2, 0, 4, 3, 2, 0, 2, 2, 12, 2, 2, 4, 1, 3, 1, 0, 2, 4, 0, 3, 3, 2, 2, 5], [2, 0, 0, 2, 2, 0, 0, 0, 0, 5, 23, 0, 0, 2, 0, 0, 5, 2, 0, 25, 1, 0, 0, 0, 0, 1], [8, 0, 2, 0, 3, 1, 1, 1, 4, 3, 13, 3, 2, 1, 3, 1, 2, 0, 3, 9, 0, 1, 0, 2, 1, 6], [22, 0, 0, 0, 1, 0, 0, 0, 0, 0, 0, 0, 0, 0, 0, 0, 0, 0, 0, 0, 0, 0, 0, 0, 0, 47], [12, 1, 0, 2, 2, 1, 2, 1, 2, 4, 6, 1, 1, 2, 0, 0, 4, 1, 3, 4, 2, 0, 9, 5, 1, 4], [0, 0, 0, 0, 0, 0, 0, 0, 0, 0, 70, 0, 0, 0, 0, 0, 0, 0, 0, 0, 0, 0, 0, 0, 0, 0], [2, 0, 0, 0, 18, 1, 0, 0, 0, 1, 5, 0, 2, 7, 0, 2, 9, 0, 0, 0, 1, 0, 4, 11, 1, 6], [0, 0, 0, 0, 5, 0, 0, 0, 0, 0, 0, 5, 0, 0, 0, 0, 0, 0, 0, 0, 0, 1, 0, 2, 5, 52]]}